Student_ID,Father_Education,Mother_Education,Father_Occupation,Mother_Occupation,Household_Income
459ee674-73e7-4042-916c-3b0a53853918,Secondary,Primary,Trader,Civil Servant,435328
27c8fc6c-1be5-44c3-95af-6d0cc5285425,Tertiary,Secondary,Teacher,Farmer,239803
f6f24d1c-5bb8-49c8-8932-59f31ee89a4c,Secondary,Tertiary,Teacher,Doctor,175144
28597b34-1725-42c7-9eb2-a7b8da3c45ca,Primary,Secondary,Unemployed,Unemployed,217053
d5ff2a1f-370b-4a29-8a53-0df99a72083c,Tertiary,None,Doctor,Civil Servant,38862
837217e0-6570-46ea-9b11-f51ff7e9101d,Primary,Tertiary,Unemployed,Civil Servant,311903
67863fb3-f3bc-4a71-87f4-fee52c82989f,Primary,Tertiary,Nurse,Civil Servant,419423
cdcc2d6a-1a16-498c-b648-776e183fea70,None,Primary,Teacher,Engineer,425239
21768dd7-38e7-4019-bb89-86c8c7ecfe71,Secondary,Primary,Farmer,Doctor,107022
95132c22-1583-4b99-a50a-13dcf004e897,Tertiary,Tertiary,Farmer,Engineer,265312
e709fba6-329f-4417-9081-3d45ff45f8a2,Secondary,Secondary,Doctor,Doctor,293803
54e07431-cf13-4b65-9450-afa2d8e70aeb,None,Tertiary,Nurse,Engineer,150283
d259f960-6ee3-4607-92ea-1324ec93e596,None,Tertiary,Engineer,Nurse,496904
36f7a26c-5a9c-4679-ac3d-17e26d39da75,Tertiary,Tertiary,Unemployed,Unemployed,337060
9e825aae-9d36-46a1-88de-c921260cb547,Primary,Secondary,Engineer,Nurse,94825
0f9c5300-7aa1-4567-8cf9-eea9e1fdc6d1,Primary,Secondary,Trader,Nurse,93375
869bc00f-cc15-4a1b-a278-9642a484e035,Secondary,None,Teacher,Unemployed,288803
c82ba1be-61eb-44e6-bd49-8e2004ffeab2,Tertiary,None,Teacher,Doctor,352114
809cd839-90ce-42e8-a9a5-336858129eb2,Primary,Secondary,Farmer,Unemployed,20513
e550d736-0780-4e71-b811-b51998dc9e0b,Secondary,Secondary,Trader,Civil Servant,67143
c44fc4b8-5b80-48d1-8788-dfed78c04ed8,Tertiary,None,Doctor,Engineer,148900
443b1d0f-3dbc-4093-a828-44423f738f50,Primary,None,Unemployed,Civil Servant,381464
382b5b86-f2a3-4efd-bf13-8c80c398c332,Primary,Tertiary,Teacher,Doctor,415223
d86065a2-fdd5-40f8-96d7-44fdef69a980,None,Secondary,Engineer,Trader,21201
e9fa97e2-5bd9-4609-b297-a782bcf474aa,Tertiary,Secondary,Engineer,Unemployed,41307
9027e770-2460-40d2-9048-83c191519998,Tertiary,None,Farmer,Civil Servant,338550
4f1e1a37-8ac8-4d93-be02-921df86b543a,None,Primary,Trader,Civil Servant,453663
86c5547c-051a-4039-b803-dcee9a069295,Tertiary,Tertiary,Unemployed,Trader,72776
b7893986-573b-4c17-a167-c35ece7334f2,Primary,Secondary,Trader,Teacher,114087
962c04dd-25d0-4461-859c-15740f3f0f48,Primary,Tertiary,Trader,Doctor,316160
f5e72daf-5d69-4bc8-9c54-d59b86bb42c7,Primary,Secondary,Engineer,Doctor,252740
4d407b28-5628-4dcd-99dd-3e8c96053035,None,None,Doctor,Trader,200687
f5edf382-a3a6-4f83-8ab6-31076fd69b3a,Secondary,None,Farmer,Unemployed,115725
c9784b52-9d1c-4838-adc8-cca8e3bcd6f3,None,Primary,Unemployed,Farmer,414438
b0416f19-bbe7-4835-8e8b-f78a60ddc7f1,Secondary,Primary,Civil Servant,Unemployed,66907
643ffdae-92a5-4d04-b2dd-e1f5b3b6d344,None,None,Trader,Unemployed,282068
ebc92914-5176-49d1-9a36-24d62e9ce8ff,Tertiary,Tertiary,Nurse,Unemployed,208238
2401342a-7f05-4bf5-afca-c5771aa6f7cb,None,Primary,Nurse,Trader,304725
e2a45909-a2dd-42d5-aafa-ab7b51cbf9e5,Secondary,Primary,Doctor,Unemployed,36391
725656e3-55f3-4d50-a2fb-b984bab27bce,Tertiary,Tertiary,Teacher,Unemployed,264635
1ba827c6-c97a-44ad-81b4-55b859b9222c,Tertiary,Primary,Unemployed,Farmer,374509
e271fff9-2a95-47f6-b817-0ebf6b6e64c5,Primary,None,Civil Servant,Trader,338457
7abfcebf-d42c-41ae-99f7-38cb6016c743,Primary,Tertiary,Nurse,Civil Servant,483640
12de9e5a-7387-428a-a9a3-db6d39bfca38,Secondary,None,Farmer,Nurse,436142
12fecc2b-1acf-42c5-b3a0-212042d943ee,None,None,Teacher,Farmer,433439
e5eb772d-f11c-4ac5-8c0b-393a13335bc9,Tertiary,Primary,Civil Servant,Doctor,97013
07ef2ba8-b45a-4ab3-bb94-a34de4aa786d,None,Primary,Teacher,Farmer,129394
19ec0829-0db5-4441-a837-f4186f27c1b9,None,Primary,Farmer,Civil Servant,230263
badf9397-ecf2-4429-b8d7-7d2f8dda4ff2,Tertiary,None,Nurse,Doctor,162109
925f8199-6495-4d5f-8cb4-e891188df23b,None,Tertiary,Teacher,Nurse,471661
4b6797a1-166e-4fe3-ad77-959500fa0eb4,Primary,None,Civil Servant,Nurse,36069
2bbba89d-34fa-4ee1-8696-9d4818d42238,Secondary,Tertiary,Trader,Doctor,115398
65c06b93-c8ed-4bdd-8ef0-3f801d91fe39,Tertiary,Tertiary,Engineer,Teacher,499017
2f546033-6334-4a2a-8b4b-d7e7a4515ae0,Tertiary,Secondary,Trader,Doctor,459720
770e09db-7092-4401-8367-5d580b6c03c8,None,Secondary,Farmer,Nurse,175546
aadf3692-b24b-4b96-8092-7b7426b07ff6,Tertiary,Tertiary,Nurse,Unemployed,443761
96f84ff7-c1a7-4883-b880-287869fb0763,Tertiary,Primary,Farmer,Unemployed,140466
891778e8-f733-4094-ab2b-78b985c7f3be,Primary,Secondary,Engineer,Doctor,249169
143665f5-4c81-4260-b9ec-533c3c53090e,Secondary,Secondary,Teacher,Farmer,146899
ccea5031-844e-450b-a684-390c923b7820,Primary,Tertiary,Civil Servant,Nurse,490321
2c41cbd3-72f4-44ab-81d7-1f4af3025d16,Tertiary,None,Nurse,Farmer,29238
6c624c2c-0aec-4ec7-a04d-b9da31567f2a,None,Primary,Trader,Civil Servant,99382
d5881c1c-25db-4946-a091-e5b4d2938e6e,Tertiary,Secondary,Teacher,Civil Servant,156058
635a775d-1647-4e3f-9127-b207ceae1325,Tertiary,Secondary,Engineer,Teacher,380341
df9b7c1f-eacb-4f6d-b549-c9f9850a48d4,Secondary,Primary,Doctor,Civil Servant,148640
6a18e5af-1cce-48e9-ab6a-8061c81c8d31,None,Primary,Engineer,Unemployed,136639
ecc817a6-19a6-480e-b08c-e6c2f6ff3521,Secondary,Primary,Farmer,Trader,278519
5807cf74-e150-4425-891f-4683de12dbf1,Secondary,Primary,Farmer,Unemployed,218617
099759a3-7919-455c-9be4-f19f92701d60,Tertiary,Tertiary,Unemployed,Doctor,391545
09eda6f5-66d7-4d97-b193-c8b8ae49c079,Secondary,Secondary,Engineer,Unemployed,322568
ebbbd763-79a7-463b-bee9-75da0c9e5550,Secondary,None,Farmer,Unemployed,396280
47c4cc51-4f9a-4f98-8d95-0273cb2cc805,None,Tertiary,Unemployed,Nurse,430534
226716e3-3a5b-4ac5-9e70-3b72f8f58a26,Tertiary,Secondary,Teacher,Teacher,29503
6ab19e15-ba92-492e-84f8-b53c52246d05,Tertiary,Primary,Trader,Teacher,482950
bdae8eff-683c-410e-92ef-a93be9d6bb7e,Primary,Secondary,Engineer,Nurse,333025
4fa5c35e-10cc-4604-a8b2-6b1bca9f1d59,Secondary,Primary,Engineer,Farmer,292262
07692583-9194-421e-a11b-f0d486379f04,Primary,Primary,Unemployed,Unemployed,457207
74d9d1f5-0877-4804-bfde-98140ec0ad4b,Primary,Tertiary,Trader,Nurse,152542
814ff657-76d7-4561-92d1-4ef55e4c4fd1,Primary,Tertiary,Doctor,Farmer,247834
98133da1-7d21-40ad-9f59-fb4d3defa7ba,None,Tertiary,Trader,Nurse,456024
29dc073e-5820-43f2-9989-dd6c8d2434f9,Primary,Secondary,Farmer,Teacher,252034
62f5f7c2-0706-4ec2-88fa-4e981723ecdb,Tertiary,Tertiary,Farmer,Teacher,98383
a5bab050-38aa-46df-9b6b-a39b36dd9529,Primary,Tertiary,Trader,Farmer,55894
c7c1fb1b-dd58-431b-8522-26b983666636,None,None,Unemployed,Trader,209736
99e4704c-2c56-40cd-a5ba-247221df5609,None,Primary,Nurse,Trader,323492
f78ee9e8-b676-491d-8e32-9b4bf168c605,Primary,Secondary,Engineer,Farmer,136467
4082fcda-7580-44e9-9945-0186da018d29,Tertiary,Primary,Civil Servant,Unemployed,348227
1a312044-95a0-4356-a5ab-c9ff9fa4a627,None,None,Nurse,Unemployed,301659
a5b83693-8fbb-4749-9fcd-859ed6e18109,Tertiary,None,Farmer,Farmer,116976
fd053963-5616-4f7e-9057-a0027b53359e,None,Primary,Nurse,Civil Servant,50784
e4729be5-f3c2-444a-b60a-3dcca7f77451,Primary,Tertiary,Farmer,Teacher,413837
ce30a61d-0e88-48ec-a651-e3e13d846fc9,None,Primary,Nurse,Civil Servant,487882
b8a60402-23d2-4b8d-ae46-024d51d05ef3,Tertiary,None,Unemployed,Doctor,359653
6365fc2a-6793-4b09-ab27-1effe82b5b36,Tertiary,Primary,Civil Servant,Trader,160243
b9ff2c29-57d9-4bb0-b09e-47bad0e656e5,Tertiary,Tertiary,Doctor,Teacher,171241
abff9286-f0cf-4d73-a812-1ef079c9c839,Secondary,Secondary,Farmer,Civil Servant,447386
2e5eeb6a-8ee9-481a-a061-f65fa8596f8c,Primary,Primary,Nurse,Farmer,66797
c34e9baf-8f1c-42cc-8eef-9fa8b9a5d4d0,Tertiary,Secondary,Trader,Nurse,25229
5af3da5a-38e5-4b27-96dc-5a6ea7890770,Secondary,Tertiary,Nurse,Farmer,164105
42b40281-5f26-4466-94d1-332ae3082ddc,Secondary,Primary,Teacher,Engineer,152297
9565257b-a267-432f-9dcb-f4bc0dbdc5da,None,None,Doctor,Doctor,297087
de14553b-1eac-41d9-801f-490931cd9f6e,None,Secondary,Engineer,Engineer,245270
232a5e82-2699-4aab-9aaf-7529deeff82a,Tertiary,Tertiary,Doctor,Doctor,390031
50fe8199-24aa-4685-b523-66cefc950bba,Tertiary,Secondary,Trader,Teacher,499745
2d445af8-fc94-46b1-a18b-5d1555273407,Tertiary,None,Unemployed,Teacher,229706
2b29bf36-c606-4dc4-82dd-901d359a1533,Secondary,None,Unemployed,Farmer,35768
9d4e8b5d-2120-4fba-9689-e0b8c79ddb62,None,Primary,Unemployed,Civil Servant,59021
09a85dc5-0131-4f3b-a221-06707a36e788,Primary,None,Civil Servant,Teacher,201730
d54e7948-c1c0-45e3-927c-8f50e45a87e8,Secondary,Tertiary,Trader,Nurse,478936
b18ad67d-39ec-4ca1-bfb2-df47bbcd6c18,Primary,Tertiary,Farmer,Unemployed,112341
2ac1d5ca-4e5d-4f12-96b3-1f4a80daa8ca,Tertiary,Secondary,Farmer,Farmer,159522
98abb2e7-8531-4f0f-ba53-312274b79620,Primary,Primary,Doctor,Nurse,315620
e6c11650-ff02-45b0-97bd-56c92240063b,Tertiary,Primary,Civil Servant,Unemployed,273393
3a799efa-04e5-4bd5-a744-acd4cfdfc6f9,Secondary,Tertiary,Engineer,Doctor,151756
2b429596-812f-4a38-96f6-1c09059c1ba0,Secondary,Tertiary,Trader,Farmer,22398
417b6634-a3ec-452c-a065-3245600c9c71,Secondary,Tertiary,Doctor,Civil Servant,363700
a750350e-1bad-42a8-a976-dc4d0c472187,None,Tertiary,Farmer,Unemployed,280422
8c1ab2c7-1fa3-4d1f-a158-4f8871be94c3,Primary,Secondary,Unemployed,Farmer,391894
4d15f7d8-0261-487a-a15c-159aaf8ca888,None,Primary,Nurse,Doctor,280510
231d260b-b362-4d55-9b0a-da0b9f6facc1,Secondary,Secondary,Trader,Farmer,473398
1d2fed2a-485f-4888-9e23-da4b9e21741f,Secondary,None,Trader,Civil Servant,298707
85ece729-d4dd-4b56-8353-91b2c72850c1,Secondary,Primary,Teacher,Nurse,435258
7f111a36-8c52-4271-8a16-7e18290e3e89,Tertiary,None,Unemployed,Farmer,69083
abf0263e-0343-4b64-80b3-700f3c088990,Primary,None,Trader,Doctor,274024
170fa87b-f30e-44fe-a62e-55597e7d9a19,Tertiary,Primary,Unemployed,Nurse,32914
3b2d520b-a4f3-4185-8182-2509e79f9f3d,Primary,Secondary,Unemployed,Civil Servant,108993
2cb941fc-d02c-45f9-998d-13a40cd20e43,Tertiary,Secondary,Engineer,Trader,470365
bd10f87c-6d0e-4597-900d-92a7ad409244,Tertiary,Secondary,Trader,Engineer,216119
a9d1a28e-236d-4176-9a1c-96ae0279e2ab,Primary,Tertiary,Unemployed,Trader,21181
e0e3c5ce-44af-4cb7-9f2e-befcf480b91e,Tertiary,None,Civil Servant,Trader,460841
f659f188-6676-4c75-a699-5af51d24181c,Secondary,None,Engineer,Doctor,47551
a61acd8e-6bf7-440f-8cc6-2fed7a6e43d0,Secondary,None,Doctor,Civil Servant,300300
f1458426-fb48-4ded-8f03-7337b9f6143b,Secondary,Primary,Teacher,Nurse,56487
adab2c2f-91a6-46da-8d61-39887b90942f,Tertiary,None,Teacher,Trader,254546
af390a9d-dcd1-4413-8760-801f9c81fc46,Primary,Primary,Unemployed,Teacher,333928
1ce97871-7cf5-4d5f-ab9f-33cb7bab1baa,None,Secondary,Doctor,Doctor,462175
b45e9463-032a-49e0-9071-e5f0a7ac590c,None,Primary,Trader,Nurse,472197
fa575cea-3957-4344-90a4-a421b9493906,Primary,Primary,Nurse,Nurse,26606
1861c9f3-9e44-498c-b359-390eb0309aaf,Tertiary,None,Engineer,Civil Servant,482484
62874624-a433-4510-ad21-b4cca9e8f0d8,Tertiary,Primary,Trader,Trader,82745
a4b5c723-02fb-4869-8df8-0b899ce7eed1,Tertiary,Primary,Engineer,Farmer,80902
132a5e58-2a57-4880-9e92-05ea7eef09ab,Secondary,Primary,Farmer,Doctor,475904
39034b65-81c6-4eeb-8ce3-c8c847354e4f,None,Primary,Trader,Teacher,382643
cd1f75a3-71b6-4ca1-b587-3920142e3df0,None,Tertiary,Unemployed,Civil Servant,346099
7f53dc0a-fb0d-4cda-9e63-926150e96888,Primary,Secondary,Trader,Doctor,188148
000b1f5e-8c91-4d13-8ea0-2346092c4801,Secondary,Secondary,Trader,Civil Servant,119697
82226c16-e3de-4ec0-8dfa-21bea335b2c8,Tertiary,Tertiary,Teacher,Trader,409315
0de4faf4-d347-44cc-9d04-032d57423882,Primary,Primary,Engineer,Doctor,171507
791f49f6-9996-4612-9ea8-7552c47566bf,Tertiary,None,Farmer,Doctor,225358
38c46b38-a8ae-47b9-8262-cad018f1a1e4,Secondary,None,Doctor,Trader,23278
85a0d089-8c35-4321-8abf-6f5cccc7147f,None,None,Engineer,Farmer,30057
b783e1d5-d264-44b9-a3f4-7a557e0f60b2,Tertiary,Primary,Nurse,Trader,432229
ee22a70b-1ee9-4260-b002-d8313227e8d8,None,None,Doctor,Civil Servant,149667
1b968925-5682-4038-b77f-69b930c9c51f,Primary,None,Trader,Trader,365326
c5ab4e57-1f8b-4af1-96bc-532dac117bab,Primary,Primary,Nurse,Unemployed,302466
7fb33be5-f6bf-4f72-a277-8161811317a8,Secondary,Secondary,Farmer,Doctor,223894
7ba16dd7-95ca-488d-96bc-a7126ecca931,Tertiary,Tertiary,Doctor,Unemployed,451594
bb01b2a5-2c74-4800-941c-23fab11af726,Primary,None,Civil Servant,Civil Servant,230918
810d5c57-5264-4a59-a1f8-5b339b2d5a2a,Tertiary,Primary,Nurse,Engineer,368008
460a6125-3f8c-43d4-832a-fc4ab148b2a6,None,Tertiary,Unemployed,Civil Servant,479831
69a9aff9-235f-43d5-a224-a806ce072a52,None,Tertiary,Unemployed,Teacher,80874
dc57546d-8c3d-431a-b395-2193d7d3b9d9,Primary,Secondary,Doctor,Unemployed,185989
9fc97264-35af-4b2d-b36d-778637a3c30a,Primary,Primary,Civil Servant,Doctor,77120
a66c0fa1-b5dc-4a9a-bb38-cd9121f6c63d,Tertiary,Primary,Engineer,Farmer,439637
1d8b32d9-b5d9-4d36-9287-964da30a6658,Primary,Secondary,Unemployed,Unemployed,286792
6adfd568-b5ca-4993-aaca-d101f1530f68,Secondary,Tertiary,Nurse,Teacher,202855
ceed0ffc-6c21-435d-98e8-b97ce0a25901,None,Primary,Unemployed,Unemployed,124846
332cce0a-0e7d-4698-ab95-c72f0d95aaf5,None,Secondary,Trader,Unemployed,470265
d6e1ba00-257c-44bc-8024-c424aef2ab2f,Secondary,None,Trader,Engineer,90974
d06405a8-5bd2-4cb1-8845-3b2f8a8a4105,Tertiary,Secondary,Engineer,Trader,300930
be0ec2da-396c-457b-9d66-40718fd7b1a1,None,Primary,Trader,Trader,298970
49a2afde-b235-4a3c-8c7f-9517cbfd4a31,Primary,None,Teacher,Unemployed,381077
f9cf8499-c9c1-4d45-b4ea-6b976aa415b5,None,None,Teacher,Teacher,456144
9edd2182-33fd-462d-8057-e470be6127a8,Secondary,Primary,Engineer,Nurse,362505
b4629214-a23f-467d-a957-2bc239bd8bd6,Secondary,Primary,Farmer,Engineer,132306
c6b18d94-324b-4c3d-9a77-91a2bd0b0fa2,Secondary,Primary,Doctor,Nurse,191692
2fddb26a-1310-4665-aec2-bb19fbc398d8,Secondary,None,Teacher,Engineer,140822
8e7d3f5a-4773-466a-adb2-b0200a670143,Secondary,Secondary,Teacher,Civil Servant,190279
b5ae329d-7761-4d80-949f-c34c0171f5a7,Primary,None,Trader,Nurse,196918
eeb093fe-c60e-44d5-8d04-dcb698cd2655,None,Primary,Engineer,Teacher,40869
5bab7f4a-8cd7-4c27-929a-f586ca376c36,Secondary,None,Farmer,Trader,181109
11740357-8546-4426-af12-0b9ef4fd25b7,Secondary,Secondary,Doctor,Doctor,91086
38a06ffe-5972-48c5-9789-be6367465743,None,Tertiary,Nurse,Unemployed,178006
c0ae0b1a-f347-4736-b7ec-07a64b27b079,Tertiary,None,Nurse,Doctor,490593
0240f59a-a638-4854-bb2b-8b80c08bd674,None,Tertiary,Trader,Engineer,253512
9f027cbf-eb29-4912-9d1b-83dfa46b6fce,Secondary,Primary,Doctor,Teacher,317886
f1eab64a-cbd4-41cc-aa7a-8c2161a1a29c,Tertiary,Primary,Teacher,Teacher,291225
d275bd43-8451-4303-a94d-4fbe06531d47,None,Primary,Civil Servant,Unemployed,176163
e5f5c891-4be3-48a8-8b39-dccf7c9f3bc3,Secondary,Tertiary,Nurse,Farmer,199315
f4ce8477-f8bc-49ac-aada-62ce189099c9,Secondary,Secondary,Doctor,Nurse,327747
c6097cd8-a127-4c6b-ab9b-153d35f5c654,None,Secondary,Doctor,Farmer,121403
b3e6f4c6-d428-4f6c-89aa-429334a0dcd4,None,Primary,Engineer,Civil Servant,495111
bf343ca7-1276-4d13-b093-8776d116d014,None,Tertiary,Trader,Civil Servant,63393
0de4833e-12c0-420c-9667-c51809b2eae6,Secondary,None,Doctor,Doctor,481271
4236c0bf-e936-4a85-ba46-fbe3d255a4de,None,Tertiary,Trader,Farmer,161125
ac5d4e57-63b6-44f4-8452-f77950ffde64,Primary,Secondary,Nurse,Civil Servant,131190
95ea6825-bef6-459a-8186-a221103056b7,Secondary,Secondary,Civil Servant,Teacher,97679
c971bf51-4a32-4b22-9b2b-b2ec80b9ec30,Tertiary,Primary,Nurse,Teacher,100277
65262474-61a4-41ff-b00b-8b43ed3b9d13,Secondary,Secondary,Farmer,Teacher,156821
641816b7-bf2b-43b4-a2e9-e52738491ecc,None,Tertiary,Civil Servant,Doctor,410893
ad62d094-4c4d-4e40-a4e2-226ca250d133,Primary,Tertiary,Farmer,Unemployed,75557
f3102525-f517-4e72-9f85-7b21a5df6f85,Tertiary,Secondary,Trader,Nurse,203478
98be5ff0-929d-4f9f-8149-a2af0ab1a504,Primary,None,Teacher,Trader,36371
e74ed0b3-bdce-435f-bf90-5d6a35c606b5,Tertiary,None,Unemployed,Unemployed,79593
29344e15-2477-4047-8336-a758d9f93502,Primary,Secondary,Engineer,Trader,459370
ccb68571-abc5-4545-ae6d-7a041d57e734,Primary,Secondary,Doctor,Teacher,483337
761579e7-8c81-41b4-be8b-4ccbfd75a5f3,Primary,None,Unemployed,Engineer,424840
b9c037aa-3289-458b-9923-cafc402d105b,Primary,Primary,Engineer,Nurse,22695
199c8d94-3c0a-484e-a7cd-13cbabda06b2,Secondary,None,Farmer,Civil Servant,116959
9dc89e1a-540e-4d01-b35d-88f37c6166df,Tertiary,None,Teacher,Nurse,413720
50fb35b0-cec5-4969-9d4f-7107911ddc79,Tertiary,Tertiary,Nurse,Unemployed,401278
bd64987e-b652-4e99-b8b5-e89ac921057c,Tertiary,Tertiary,Trader,Engineer,54026
e0bd202c-54e1-4f3a-bba4-1ae0adf8f767,Tertiary,Primary,Trader,Trader,203476
2cff45f8-1bdc-44a9-8d3a-5d767caa281b,None,Tertiary,Doctor,Doctor,118856
89e2df24-e42c-4aea-a3d7-263dd391d017,Secondary,Tertiary,Farmer,Unemployed,283252
04c4f46a-e461-4160-934d-695aba388c8f,Primary,Secondary,Engineer,Farmer,88051
970c9eb4-c4ea-4ece-a7b6-e4679432d797,None,Primary,Engineer,Unemployed,231373
78dbcde3-8a28-4792-bfac-a645e4dc4306,Secondary,Tertiary,Civil Servant,Civil Servant,194050
bbb4c0ce-96f0-4335-85ab-48dae4354021,Tertiary,Secondary,Teacher,Farmer,475178
808e08d2-5d26-4b1b-a593-b659172e8c68,Secondary,Primary,Engineer,Civil Servant,490325
2a74b90c-af25-47f5-9d31-762afb5abb36,Tertiary,None,Doctor,Nurse,251031
a8cf4f62-90d9-470c-b2de-c75c90fcc9f1,Tertiary,Tertiary,Trader,Farmer,130694
38048786-0a58-443c-9bda-0655f06dca24,Secondary,None,Civil Servant,Teacher,114825
34ef2552-ab28-4d09-8af5-7e603be8a5df,Tertiary,Primary,Civil Servant,Doctor,486184
0be3534a-e1ad-440c-b463-835eeafb9f20,None,Primary,Farmer,Farmer,336873
d463c183-a231-4211-8578-b1c6f7ebc69a,Primary,Secondary,Engineer,Engineer,423137
a75743f9-606c-42f5-ac81-6bf091f60406,Tertiary,Primary,Trader,Trader,31723
6057153a-4067-4790-8444-050413ed280a,Secondary,Primary,Farmer,Unemployed,387436
7ca2f582-5854-49d9-9e22-dc3fd1366db1,None,Secondary,Civil Servant,Trader,253977
2a6524af-709d-438b-a393-6d45e1ccff0d,Tertiary,Tertiary,Nurse,Nurse,144631
5cbaa496-2848-4240-afd9-0ce1267627ca,None,None,Farmer,Farmer,243036
b862acc3-5489-4c37-8fa9-026b6a241f46,Tertiary,Tertiary,Civil Servant,Farmer,189077
d5576899-a5b2-47ea-a947-6f54973e129c,None,Tertiary,Civil Servant,Nurse,326753
a1298fa2-227d-4660-a93f-c26697a418b8,None,None,Engineer,Doctor,87583
2e16f0b6-ec25-4a75-821d-4dca2a955908,Secondary,Primary,Farmer,Teacher,246860
b8344070-e0e5-46e5-84c4-4853a33b3dfd,Primary,Secondary,Farmer,Teacher,228566
fe268e77-9b45-47e0-b2fe-fdc23772aa97,Tertiary,Tertiary,Trader,Doctor,438613
cb6bf562-2488-484d-99d0-90fd6928043e,Secondary,None,Engineer,Civil Servant,94209
b9644e4f-2aef-4f3b-83b7-a0ef82c41c54,Tertiary,Primary,Unemployed,Civil Servant,287154
62ada157-60d2-459a-bad5-1382119fb03e,None,Secondary,Doctor,Doctor,34769
6b77af9e-af32-4af8-811d-b4afe8ca7483,Primary,None,Unemployed,Teacher,276497
09fe4cdd-998d-45ba-9d60-22c5e6cfcbd8,None,None,Nurse,Unemployed,265894
215d3b1f-a8cd-444d-bb74-244017db4c2f,None,Primary,Teacher,Nurse,128474
a6340d1a-adb6-40f4-865d-e86ef00f63ef,Tertiary,Primary,Doctor,Engineer,491006
3abf9c65-6dd0-43f3-87a2-0e22b298b811,None,Tertiary,Teacher,Civil Servant,465277
bdcbfffc-cdfb-44e9-96cb-dafb59bb8900,Tertiary,None,Teacher,Doctor,320920
7a25ed81-4128-47eb-a246-29cd6cecdf82,None,Primary,Doctor,Nurse,177110
689d1205-8b31-44d8-a073-c1d09929afeb,Secondary,None,Trader,Nurse,242513
1e2a03f1-85c5-4910-93f6-f72301d23a76,Tertiary,Primary,Teacher,Unemployed,59225
5cbdb682-68aa-4236-90de-ef43cde5c35a,None,Secondary,Civil Servant,Unemployed,64535
6c6e8796-893e-4b89-9adf-c49942e4bf01,Primary,Primary,Doctor,Farmer,167905
69c9520f-3425-449c-8145-d6ba65bf8e04,None,None,Doctor,Trader,219321
40f7924b-7bd7-44bf-8e0e-abb78f20c5e7,None,None,Trader,Civil Servant,53658
a8c6c2df-dd23-4f41-9ae1-35862358755c,Tertiary,None,Doctor,Unemployed,327723
36e6ba85-19ab-4c15-a96b-67bff301bb6c,Tertiary,None,Nurse,Engineer,215601
b4f02f6f-af3f-4d9a-b272-5aa79d30c42e,Tertiary,None,Engineer,Farmer,175441
25343e85-d2c0-4ec2-9751-94d7cdeb2696,Secondary,Primary,Teacher,Engineer,134713
147d7bfc-5eef-4d1e-b8c5-ef5e4359ff43,None,Primary,Civil Servant,Nurse,477215
85609e8a-a7fb-4997-9d2c-d9446690a951,Tertiary,None,Farmer,Teacher,109589
a3ea21a2-2cde-4187-91fa-82a6c60b340c,None,Primary,Doctor,Civil Servant,250590
089a9f4f-31da-4817-8937-b90f84a5b18b,Tertiary,Primary,Civil Servant,Trader,178968
093b4d72-ac8c-4caf-ab63-3b189d7d1756,Primary,None,Doctor,Engineer,472121
c798a445-46a3-4c71-bf2f-6883163b5481,Secondary,Secondary,Nurse,Doctor,392450
bca726eb-03ef-4f77-848a-c92433478a91,Secondary,Secondary,Doctor,Trader,410693
ea3e072a-8f22-4604-946b-7756b9e439ef,None,Tertiary,Trader,Teacher,196123
31cc6738-f68a-49b7-9b3a-a1d139ee80ab,Secondary,None,Doctor,Engineer,399636
1b414999-8198-41f5-a839-f98f2ccf1472,Tertiary,Primary,Engineer,Engineer,326818
f4eae769-8366-4189-8d8d-9f751df44d3e,None,Secondary,Teacher,Nurse,120604
f74f6900-7159-4914-b1b6-8ecd400945ce,Tertiary,None,Civil Servant,Engineer,325913
75771730-c68d-44b2-b613-bda056f401e5,Secondary,None,Nurse,Teacher,384248
114b3c79-4200-49f5-9dc3-c26e7b62659e,Secondary,None,Unemployed,Farmer,106877
50d3ba03-ccd7-408f-badc-b38cb38046ef,Primary,Tertiary,Unemployed,Unemployed,25496
3f8dcf96-436a-42bb-9509-8e07b368d836,None,Primary,Unemployed,Unemployed,482392
ee6ffbea-8df7-4647-9376-9ff9578cd875,Tertiary,None,Unemployed,Trader,458132
f2765513-2eca-4629-84e2-269192ded495,Secondary,Secondary,Teacher,Nurse,76454
bc45144a-3c1f-4ff0-b31d-58bbbcb3636d,Tertiary,Primary,Nurse,Doctor,272725
9e5c5dcd-d61a-480a-bfec-0a37d5bea8dc,Secondary,Tertiary,Civil Servant,Doctor,185584
a9d6290d-f4ad-4a22-ad02-05f51417c2f9,None,Tertiary,Doctor,Teacher,338057
9ee4105d-5f06-4c76-bb77-7e71d91738f8,Secondary,Secondary,Civil Servant,Trader,123024
7da56b6e-4654-477d-9e67-a2789313b3a7,Primary,Tertiary,Farmer,Nurse,374684
93a05478-c00b-49de-b8db-128d65db6e43,Secondary,Secondary,Unemployed,Nurse,75596
80a23721-0856-4684-8a6f-c4b3f08d312e,None,None,Unemployed,Engineer,240770
b2c027e8-1ed0-42e9-b9fc-6034750acc98,Primary,Tertiary,Civil Servant,Trader,328138
94bcf47a-6122-4189-b5f3-de4aac9204b4,None,Secondary,Farmer,Doctor,448612
3cb526d7-434a-430e-8c6e-a6ad2fe938e4,Secondary,Secondary,Doctor,Teacher,209307
35e574e0-6c87-4546-bfaf-64582f14f777,Tertiary,None,Doctor,Unemployed,155537
2e0d3860-7362-49b7-8795-cd1d668d3c8b,Secondary,None,Teacher,Nurse,478548
451b6267-b887-4caf-9991-103fd06eccbc,Primary,Primary,Trader,Nurse,387244
f58ab7c7-cccf-4130-a556-03d4323132fa,Primary,None,Teacher,Unemployed,437997
fedd22d9-226c-4c6a-bfe5-a4b66be8c756,None,Secondary,Civil Servant,Teacher,63594
4ccf0a4b-7c93-443e-890b-945450d3802d,Secondary,Tertiary,Trader,Unemployed,35492
0f5e8b47-29d0-4613-b0c7-700219566990,None,Secondary,Trader,Trader,237645
55ac0d06-be9d-4951-b329-af6e18a73d94,Tertiary,Tertiary,Unemployed,Engineer,335616
0513eda8-5819-43cc-81f9-994acf5d337f,None,Primary,Engineer,Civil Servant,368977
936dd1a8-93ac-400e-b2ee-eb389b0707e5,None,Tertiary,Farmer,Farmer,486731
ac565da6-5339-4df4-9ae8-6d1848dc1e26,None,None,Teacher,Unemployed,261584
49599bed-9d19-41a5-a18d-de71141283fb,Tertiary,None,Doctor,Teacher,308307
565f1491-edb6-4b81-8ec6-8cfea3fd17f0,Tertiary,Primary,Unemployed,Nurse,105502
2978cc73-1440-4dec-9243-9b0fe835f080,None,Tertiary,Farmer,Nurse,221695
a5076897-9afa-4267-8479-1214b5def807,None,None,Nurse,Trader,79075
96405fcd-bf76-4449-9cf8-5eebf0533851,Primary,Tertiary,Teacher,Farmer,85462
ba4f4b03-2002-4d9f-85e9-f407daada0b1,None,Tertiary,Unemployed,Unemployed,84064
2abaa4f9-35e8-4364-947f-1f67bfeef19d,Secondary,Tertiary,Nurse,Trader,51438
06bfd9c4-0dc7-4104-8c66-27667922b440,Primary,None,Teacher,Nurse,25602
27c00f89-9e3b-41b3-8330-125c1a9b0d42,Tertiary,Tertiary,Teacher,Farmer,402835
48bfb602-bcd2-48eb-bf55-60cd3ab7127e,Primary,Tertiary,Trader,Trader,285601
a9de5b26-08ff-4ab0-8750-72d62bacf712,Primary,Primary,Farmer,Trader,368602
8a63b93c-def3-406a-b998-63f27799fddb,None,None,Unemployed,Civil Servant,211291
2d5245f4-8a0e-4018-b297-69b2f2cffcae,None,Secondary,Teacher,Unemployed,137487
86017633-6f5a-4d52-9061-498fe096521e,None,Tertiary,Trader,Teacher,367073
ce015413-3a25-46fe-8a27-b0b07b4d8646,Secondary,Tertiary,Teacher,Teacher,275757
00060d5a-02b3-4948-8db6-f47527dd1ac4,Secondary,Primary,Farmer,Teacher,383447
022111e5-88fc-4da1-b81d-5b6c49694032,Secondary,Secondary,Unemployed,Civil Servant,159866
6e310234-c410-4108-8256-83894cb34663,Tertiary,Secondary,Unemployed,Farmer,402051
69678586-3046-4008-9fa7-20128c57a277,Tertiary,Secondary,Teacher,Engineer,122356
63c4e76d-a55f-4725-bcb3-c168b7062cfa,None,Tertiary,Engineer,Nurse,24257
c3b8c80f-8440-4e98-bd53-ec43a0152b5b,None,Secondary,Civil Servant,Civil Servant,224002
be3074f8-a601-47c3-88e0-95024598f3c8,Primary,Tertiary,Trader,Teacher,471135
4a22eae9-22f9-4afe-aeb2-3ca31186da93,Secondary,None,Engineer,Teacher,313600
3012f819-7df3-4378-9f6c-cab4b3522c18,Primary,Tertiary,Doctor,Doctor,237152
1a2e9864-f8ea-4a36-af99-9b2a05aa5eab,Primary,None,Trader,Doctor,187442
269334ef-1717-4654-bb99-78150219a9c7,Secondary,Tertiary,Doctor,Doctor,202160
ff7a884d-7f96-4d35-8ca9-9089c9254bb5,Tertiary,Tertiary,Doctor,Civil Servant,36972
f39ef1be-c025-43ea-97f2-a67814898025,None,Secondary,Unemployed,Farmer,495080
3133839e-2e7d-452b-b85b-8a078b0ea0b9,Secondary,Secondary,Unemployed,Nurse,60581
c4a531cd-f97f-4994-9f38-df55033ac4d6,Primary,None,Trader,Doctor,150792
08942176-fe99-4f69-bcd4-99753f46057b,None,Secondary,Civil Servant,Engineer,72709
790b185c-355c-4a9c-bb6b-f1dcaa7f7e06,Tertiary,Tertiary,Engineer,Trader,428651
0accb23c-ba6d-4ed8-a110-e887289ac251,None,Primary,Engineer,Farmer,57138
32df8d45-4c7f-43bb-a376-0c2d7b31dcdc,Secondary,Primary,Civil Servant,Civil Servant,144704
a206527c-3c68-41d6-9ce8-e12ff9287d26,Secondary,None,Trader,Civil Servant,263188
ca0553a2-6553-415f-9ea1-5b0f95aeb18b,None,None,Nurse,Teacher,416432
98a15e4f-b03b-4934-b9ab-56d1b0d515ab,Secondary,Tertiary,Doctor,Unemployed,479497
9e5f8273-af9a-4168-9766-17957ffab493,Tertiary,Primary,Farmer,Civil Servant,451415
a502dc4b-5b03-44d8-8f4d-6c400f5f9707,Tertiary,Primary,Trader,Engineer,294145
fb4f1972-5115-47ee-bb90-908e7ce34563,None,Secondary,Nurse,Doctor,390568
31662c94-bbb2-4366-b04f-e1a8e44cbd41,Primary,Tertiary,Civil Servant,Trader,445105
7c3cc2bc-0a1b-4bd3-a60e-c813402da0fa,Tertiary,None,Trader,Unemployed,196104
2fc6c4e6-9113-4d7e-b095-26217d76ab58,Secondary,Primary,Teacher,Farmer,146768
ea1af7d2-9943-46bb-94d3-53a5de1f1619,None,Secondary,Farmer,Civil Servant,111111
436adb9d-d1c5-4a00-8bb1-3407730ad7de,Tertiary,Tertiary,Unemployed,Trader,267943
2f7f2cd7-bbd0-4e6c-a108-ffcc8186722b,None,Tertiary,Nurse,Farmer,462029
b893b08a-5219-4216-bd21-1daf9ec5405d,None,Primary,Nurse,Doctor,425321
7f5f61aa-aee7-47a5-8629-6fbe309b48dd,Secondary,Primary,Doctor,Engineer,109458
1c4760a5-5270-4b29-a412-47a268e8f311,None,None,Nurse,Farmer,171732
df9d3910-2dbb-45bd-a138-e2e6f013a170,Primary,Primary,Doctor,Teacher,142788
d617b9c0-a449-464f-922d-dab608252b39,None,Tertiary,Teacher,Civil Servant,105856
5dc96097-0c90-4028-8185-300d971df5fd,Tertiary,Secondary,Trader,Farmer,418848
7dccc026-a7df-40b2-b56f-dc0aebc8f6b7,Tertiary,None,Doctor,Engineer,153173
8eda6433-5c65-465c-8f8a-0c2ca3900bc0,Secondary,None,Civil Servant,Unemployed,406156
d2da43ec-0eec-4013-b55b-eaaacb53f0be,None,Secondary,Farmer,Civil Servant,283113
f1d188b9-13f3-4289-8dcc-b05dd59ef0fd,Tertiary,None,Trader,Trader,343796
30807a5d-62a5-4eec-881a-f04f3b23feed,Secondary,None,Doctor,Farmer,322890
bfcb3388-8ef4-474b-adcc-4095f28f9444,Tertiary,Tertiary,Trader,Unemployed,457219
756eb67d-acab-4b69-9ba3-7cb59399ad15,Primary,Tertiary,Teacher,Farmer,56041
66cc7376-8cca-4963-ae2e-77a4cadec379,Primary,Primary,Engineer,Nurse,140745
5a31e916-eefb-4a24-b169-3ed5999413cc,Primary,Tertiary,Nurse,Trader,162056
c3a1962d-698f-446d-9f29-0290d8485a54,Secondary,Tertiary,Trader,Doctor,214691
36c3fe85-8bae-495e-902a-405c3d9ffe59,None,None,Teacher,Engineer,434102
728f5897-73d0-46c7-b62e-cf885c29850b,Primary,Tertiary,Civil Servant,Civil Servant,281635
84820c08-042c-45ad-9883-e9b148d3d2ce,Primary,Primary,Civil Servant,Engineer,246902
db107e7f-36fe-40b4-b8cd-9122fc0145e1,Secondary,Primary,Engineer,Nurse,345792
8dbcde5a-eb4a-4de6-86a5-2064d284b528,Primary,Tertiary,Civil Servant,Farmer,357861
5b0c4170-75da-4bbe-89a9-161a18233383,Secondary,None,Nurse,Doctor,115991
cfa28fb8-4199-422e-bba5-81263ff69f41,Tertiary,None,Farmer,Nurse,392819
b93c92d5-13c3-4b5d-bbf8-da9137a9f824,Primary,Primary,Civil Servant,Doctor,22856
9383f86d-b3ed-46ed-b089-4de4e6267164,Primary,Tertiary,Civil Servant,Doctor,355786
93875413-ceef-4261-bb15-02ea09912f46,Secondary,Tertiary,Trader,Farmer,434062
d13032db-e13a-44ca-9911-f42e559a8f54,Tertiary,Primary,Trader,Civil Servant,290254
a71c8948-bf67-4e42-ba0a-2b59c5384872,Tertiary,Primary,Engineer,Trader,327073
4e0648d0-0ddb-445b-a1ea-aa65a1d770ea,None,Secondary,Farmer,Engineer,92021
388629ff-b2a0-4778-809d-644453ab3cce,None,Secondary,Doctor,Nurse,321002
985a9548-c0ba-42a4-b213-e7ccf89617fa,Secondary,None,Trader,Nurse,207747
21d72432-25e4-4403-a4f2-502ec94f6ed3,Primary,None,Trader,Doctor,290548
15c7bc83-4336-4fe5-a631-66a78c53b74c,Primary,Secondary,Doctor,Nurse,199098
8f2e08d3-7b1d-4ca3-a286-e3f8c31496ea,Secondary,Tertiary,Nurse,Trader,246978
bc54b8c1-ff40-4dcc-9db1-f7f98fa8ae34,Secondary,Primary,Civil Servant,Teacher,100471
ec94503e-af4a-4cdd-92cb-1ae06e18c9b3,Secondary,Tertiary,Unemployed,Nurse,495474
521be8c2-30c3-4f8a-992a-b43d5d822e3a,Secondary,Secondary,Farmer,Nurse,191921
9dc0a8b5-5987-438a-bcd6-c18e2b54500d,Secondary,Primary,Unemployed,Farmer,353146
d173b70b-ec99-4c80-8b7d-185670c23600,Primary,Primary,Trader,Unemployed,243706
1cc464ed-15f7-4f61-9a4e-c04cba7e1b86,Primary,Primary,Trader,Doctor,321753
d1f44c8d-d51b-4974-9e66-8dd025ce2a21,Secondary,Secondary,Unemployed,Teacher,478580
05d2d205-789f-4d96-b337-3c2f4e1c3762,Tertiary,None,Teacher,Trader,43432
4237692a-c017-466e-85f4-c0a28be27516,Tertiary,None,Civil Servant,Civil Servant,391822
04b51c12-ab13-4032-b2e1-9f66b1f02ea8,Tertiary,Secondary,Unemployed,Doctor,309609
48b51c88-0f63-4f4a-ab9a-118e4165964c,Secondary,Secondary,Civil Servant,Trader,167212
0222305d-f1f7-4605-a79e-36267707ac0e,Secondary,Primary,Farmer,Civil Servant,447955
dd419a67-5c37-4254-a8fc-5690e9b1c4a1,Secondary,Secondary,Nurse,Teacher,104315
6175a257-fad3-444c-bb2d-ddc962f32fae,None,None,Teacher,Doctor,233124
88145bde-98db-4732-9de4-d1947c12d198,Tertiary,None,Nurse,Engineer,219350
05804493-b664-4199-ad25-459e8f8937fa,None,Primary,Civil Servant,Unemployed,231049
28317f0d-be90-43fb-a4b5-d9a57d6c3d2a,Primary,Secondary,Unemployed,Doctor,294510
fa6e3743-fef9-4d57-bc77-ea4a4d654036,Tertiary,Secondary,Unemployed,Farmer,234109
e3f16406-631d-4c8b-a0f0-fe7941f74651,None,Secondary,Nurse,Doctor,396272
a82cae18-6491-482b-a5ad-481d577f4c16,Primary,Primary,Trader,Civil Servant,413495
a0226155-df69-4d17-9cc9-6aedad9112c5,Tertiary,Primary,Engineer,Nurse,407506
e8e46b31-4ff8-4111-b875-1fd46d2ccf42,Primary,Secondary,Engineer,Civil Servant,138682
8a962a11-94be-4d9f-a379-c05fa7087280,Secondary,Primary,Farmer,Engineer,183480
86181db2-e60d-4a94-b483-d162b043a39a,Tertiary,Secondary,Doctor,Doctor,206137
eedb0ce5-a7fe-4dcd-a528-b516c521ff2e,None,None,Teacher,Unemployed,442185
1e4ea133-b82d-40de-b2d7-8d5388702ae7,None,None,Civil Servant,Engineer,400452
e15052f3-5195-4000-83f3-8c8c078c3875,Tertiary,Tertiary,Farmer,Doctor,27372
e4e5b5b0-d25a-4576-af0b-743ebee04762,Secondary,None,Nurse,Engineer,120694
2f4b8be8-21ac-4db5-9b55-5f6d301c6abf,Secondary,Tertiary,Doctor,Nurse,27229
3b1d0181-9cc3-41f5-9129-bc759b08e5a8,Secondary,Secondary,Trader,Nurse,190290
7a029a6d-c7a2-4171-b02a-06ee14588063,Secondary,Primary,Civil Servant,Trader,120197
da252795-2f19-4516-9fbb-cda5a64a1fe8,Secondary,Secondary,Farmer,Civil Servant,268668
c3b8d179-6899-4c84-8840-323439ed0800,Tertiary,Tertiary,Unemployed,Teacher,279286
fcfd8547-abdc-40da-be0b-bddd38f95001,Primary,None,Engineer,Civil Servant,405418
ddfc2a92-7074-4eb3-bc52-17ccf4672866,Secondary,Secondary,Engineer,Trader,235820
67a55936-6d74-4a0b-bf2d-39c8e338e579,None,Tertiary,Civil Servant,Engineer,105301
9c8b9550-64e7-4f9a-901a-0ccfb85f164b,Primary,Primary,Teacher,Trader,141867
c9739495-b440-4852-a033-500ea43262b3,Secondary,Secondary,Farmer,Trader,432466
feef21f8-e0b6-4f90-8adb-c4ffe0b55615,Tertiary,Secondary,Unemployed,Trader,54698
8420e0d8-632c-417e-8ec5-7d470a0c64e5,Tertiary,None,Teacher,Farmer,368754
4df742ae-e267-412b-a5e5-f13f70869a45,Tertiary,Primary,Teacher,Doctor,241433
0df6c527-eb45-4c38-9cf6-5e334b5f174b,Secondary,Tertiary,Doctor,Nurse,63412
b8ff615c-1727-40fa-b3a2-7c7ba566e884,Primary,Secondary,Trader,Trader,256203
22a37556-8be1-4610-b234-8948e4f2ae4c,Tertiary,Secondary,Nurse,Unemployed,309283
b66f3507-e588-4999-971e-ea3974246baa,Primary,Secondary,Teacher,Nurse,453295
e83bcc84-a609-4ad0-b114-64aa52f69081,None,Tertiary,Trader,Teacher,139742
730bc657-b4cb-4613-9d39-e9c217584f23,None,Tertiary,Nurse,Unemployed,203393
82fc9294-f9a6-4522-8a83-5709ba146757,Tertiary,Secondary,Engineer,Civil Servant,408076
e98965f2-2bbf-4e35-84ac-b57d0b3d6dc9,None,Secondary,Trader,Teacher,252336
2dca365a-2504-4d28-9e6a-e4592980f6ff,Secondary,Primary,Doctor,Nurse,397620
723dfacd-f601-4005-84c4-f69fbaebe15d,None,Primary,Nurse,Teacher,56030
9f601d17-00e7-4824-b3ee-16e7f5defeba,Tertiary,Secondary,Nurse,Farmer,455176
0178de26-ceb5-47ac-8b22-e4457fa70485,Secondary,Tertiary,Farmer,Engineer,421975
68ffae17-7428-4491-b9c8-42cba8d3110e,Secondary,None,Teacher,Engineer,371542
9ea8fcb1-4732-48c9-8c1e-9464e1d5c0dc,Primary,Secondary,Nurse,Nurse,335077
a73d2746-0e18-4b96-a5f4-1dd62f51ac6e,Tertiary,Secondary,Farmer,Nurse,83746
4c66aa4d-9a70-4a8a-9688-1d3e93fde248,Primary,Primary,Trader,Farmer,442214
ac0e1f71-294d-43ed-ada1-afdafe656dcc,Primary,Tertiary,Farmer,Civil Servant,218672
2d6b5953-8fea-484e-898c-fd4892811c92,Primary,None,Civil Servant,Engineer,300141
4c9e903a-c4bd-438e-97d7-1fc0092cd030,Primary,Tertiary,Teacher,Trader,361813
8cebac57-d7e3-43cf-ad65-1847c2294116,None,Tertiary,Civil Servant,Engineer,316579
86eced99-5447-4290-8640-4b2adc0228af,None,None,Nurse,Nurse,204563
bacf7cfc-9245-4cc4-9bfb-3b3d0ee52f63,Tertiary,None,Farmer,Civil Servant,286088
ef13864b-9ad2-4b72-b04b-a584b95cec2d,None,None,Teacher,Unemployed,197848
86800a0b-4279-4490-9105-64f9d90949aa,Primary,None,Civil Servant,Engineer,96668
850b7073-7f13-4e67-9008-cdc99d421bae,None,Primary,Unemployed,Trader,491964
b565f64e-3b93-453f-9c02-040de237c877,None,None,Trader,Engineer,406522
1e30614f-cbf6-4a23-a01e-31f57702beba,Secondary,Tertiary,Nurse,Unemployed,94956
557368cf-0ba5-4050-a9fe-99a96a25542e,Secondary,None,Civil Servant,Civil Servant,310005
4818b004-b0a4-4557-b381-001fa3ff8fd2,Primary,Primary,Engineer,Teacher,97631
0191d19d-c45c-4fbb-92ec-ac278ccc617e,Secondary,None,Civil Servant,Civil Servant,392304
07743c94-f5c9-4459-9db1-bd5e91a4d796,Primary,Tertiary,Engineer,Engineer,311841
ea89a979-7aa6-46ea-ac27-3009ec1a86d3,Primary,None,Teacher,Teacher,482019
e45def26-75eb-4e8f-a090-360d27c7655a,Primary,Tertiary,Farmer,Nurse,68427
be1a070f-ed83-44c8-a9f8-d3e4d06d3943,Tertiary,None,Farmer,Unemployed,237935
892fca69-8e20-47e1-90c4-cb4bad9e5c1e,Primary,None,Trader,Nurse,88392
5a853cd8-cbb8-4be0-a355-e636ea8b31f5,Primary,Tertiary,Nurse,Engineer,313530
a06303ca-600f-479c-bbce-708756d2b14d,None,Secondary,Doctor,Unemployed,118723
dd56030e-1de9-47a2-985e-7e892ff8107a,Secondary,Secondary,Doctor,Nurse,129371
69f35b2d-4580-4ac2-8818-c965b5b81351,Tertiary,Secondary,Doctor,Doctor,119274
3754f16f-4d79-432c-b362-d408d4575305,Primary,Tertiary,Civil Servant,Civil Servant,122789
e9d18ec2-33bc-48a9-871d-45640992b886,Secondary,None,Farmer,Doctor,434370
30b1b67b-2771-4422-8003-8f26e7ab2ef7,Tertiary,None,Unemployed,Farmer,354831
24aefbea-53cc-4b95-8689-58364f73ab1c,Secondary,Primary,Civil Servant,Civil Servant,66932
21f9c072-fe22-4ba1-ad3d-581e84222f58,Secondary,None,Trader,Farmer,92563
010d583f-1da7-4d69-85b8-64d4dd643387,Secondary,Tertiary,Trader,Doctor,141721
77852ddb-5552-4a3c-964a-9b18df3334c6,Tertiary,None,Teacher,Engineer,344414
93daf60d-05c1-4422-8ffe-bdfdbedcacb7,Primary,Secondary,Civil Servant,Farmer,454451
46d28109-495c-4ac8-b14a-abdd33579b27,Secondary,Tertiary,Farmer,Trader,51535
460d113d-2851-48be-a639-e21445ccaa93,Secondary,None,Unemployed,Nurse,224733
59ae7302-8ae3-497e-b4e2-41421a354475,Tertiary,Secondary,Engineer,Doctor,124403
3eacdb28-92f7-4993-8884-3b5bcdd3214c,None,Tertiary,Teacher,Doctor,160086
214c87b1-0cfc-4420-b192-e4438a6342ca,Secondary,Secondary,Teacher,Doctor,289659
6d2cdbf9-160b-4ed4-8dc5-d42e6233960a,None,None,Unemployed,Nurse,173584
b3099e0d-b0ac-4677-960f-8680a124fdb2,Primary,None,Nurse,Teacher,380352
abbe274a-c226-4b53-b680-873b32b9c542,Primary,Primary,Unemployed,Unemployed,32757
21bd55eb-915a-43c0-b737-cfb5c3b1927b,Tertiary,Tertiary,Civil Servant,Trader,353327
af39f2ce-4f75-445a-b4a1-2a0d18e63a55,Primary,Primary,Doctor,Teacher,464750
dc70ce22-24ca-41b8-b94a-97fdf28bf846,Tertiary,None,Doctor,Teacher,132786
aa4946f4-ead1-4758-b319-f18d2ef03a1b,None,Tertiary,Farmer,Farmer,108854
79af8348-10bb-460d-87bf-63ee7ccd3dc0,Tertiary,Secondary,Engineer,Nurse,81687
9abc9859-593e-4c83-8497-d0a8484204d5,None,None,Civil Servant,Unemployed,49277
536c32d0-1b63-405f-8bf8-5149b6da99cd,Primary,Tertiary,Trader,Unemployed,187435
69d75427-972d-4d57-a69b-e896760272ba,Secondary,Secondary,Engineer,Unemployed,250763
57390b03-10e9-4dce-a241-cba37b7ce7cc,Primary,Tertiary,Farmer,Unemployed,211549
c98e3f5b-9134-40b7-af73-573bfaeebacd,Tertiary,None,Civil Servant,Teacher,356244
ee4d0dec-bd47-4885-93f0-e33fab6b3f08,Tertiary,Tertiary,Engineer,Unemployed,305130
8e1a3a51-534b-4a86-b681-2ad798986758,Primary,None,Civil Servant,Engineer,394617
1bd6b03d-9927-439b-91d1-ce5067e2189b,Secondary,None,Nurse,Teacher,244717
a9008ecd-a51e-41ad-be8a-207853d106cb,None,Primary,Trader,Teacher,448113
a2d999ba-c146-4d52-a73b-c91394ad345a,None,Secondary,Doctor,Civil Servant,283945
63d5e750-4a9f-450e-8800-61b673f621a8,None,Secondary,Trader,Farmer,325163
91fda27f-4cbb-4460-910c-8c48e09ef2a3,Primary,Primary,Farmer,Teacher,460408
fb8a61eb-b7c1-4a4c-af4a-454fefca07ae,Primary,Primary,Engineer,Teacher,133581
67797b58-82ab-43a0-bc86-21109c8aa872,None,Primary,Unemployed,Unemployed,236209
0d99c071-f7c8-435f-8c83-bc68e6ace59a,Primary,Secondary,Engineer,Teacher,224969
dd9d2e4d-483e-4d69-9c7a-bd161c153057,Tertiary,None,Teacher,Engineer,423523
61fe800a-b636-4c4c-9170-ca8aa00e0b60,Primary,Secondary,Nurse,Engineer,145659
302fa247-239a-446d-b991-2c512c649adf,None,Tertiary,Doctor,Farmer,181300
ff594778-49d9-4a08-a77e-0fbc6acff20f,Primary,None,Civil Servant,Unemployed,142534
b8a9b014-24dc-4a07-8405-6d2ba5fcd671,Primary,Secondary,Trader,Unemployed,109228
a46a07c2-2320-4e16-95ac-80e422c23308,None,None,Trader,Trader,321062
6cfaf2dd-ee28-4ccd-9abb-e46bb2051cec,Primary,Tertiary,Civil Servant,Unemployed,370089
5af56a23-627c-49f7-b336-3302d1f03374,None,None,Unemployed,Unemployed,332656
3c9ba542-bb1d-43a8-98c8-23b07f8736f1,Tertiary,Tertiary,Civil Servant,Nurse,43431
fa6d81ee-0890-4506-9df1-bf6f938bd3f8,None,None,Farmer,Nurse,463793
b0c46ddc-f634-41f8-bb45-bd9c948c7eb4,Secondary,None,Engineer,Trader,374128
c764032e-c026-47d1-bbd1-b0c0dbfe679a,None,Primary,Civil Servant,Civil Servant,299068
78f2961c-3ec7-4a8f-96a4-6b839c2d9672,None,Tertiary,Trader,Civil Servant,124600
cc502a89-8a08-440e-a239-5ad5af1f798c,Tertiary,Primary,Teacher,Civil Servant,389318
7807c947-02c2-4367-874d-8df088f7f097,Primary,Primary,Teacher,Civil Servant,61116
f5e8a7e1-5a58-4b67-abc7-b63554de19cd,Primary,Primary,Nurse,Trader,371017
bfda55c9-98fe-44f3-ac40-d95ab1eedf64,Secondary,Tertiary,Unemployed,Teacher,435275
2b48c6e6-9401-4dfe-b921-0c7ca119ceee,Primary,Primary,Engineer,Engineer,359203
496cc03a-06fd-41e6-9fd3-3d40bcc4f0db,Secondary,Secondary,Civil Servant,Teacher,114273
47edc6dd-9da4-4c0f-a1ee-0f6c408669bb,None,None,Nurse,Teacher,278570
977e3f2c-e8fe-4095-acb3-7e239a940c6c,Primary,None,Unemployed,Unemployed,249102
b365fb7c-c853-4c55-82e1-73022ce6f908,Primary,None,Engineer,Civil Servant,102950
159b558b-fbec-4ed8-97c4-e2c308789ef0,Tertiary,None,Nurse,Nurse,376493
fe5b9fc9-c0b4-46d6-bef6-775bd66de2a1,Secondary,None,Doctor,Unemployed,34366
35fab528-2ad3-436f-a338-17fab9db1388,Secondary,Primary,Civil Servant,Trader,498406
1db1ce86-d1cc-48d3-8167-650543af6c46,Primary,Primary,Doctor,Nurse,83762
c09f1c91-f2c0-40cf-bf03-b8c279ec958b,None,Tertiary,Engineer,Engineer,352976
25288a1b-433b-46fc-b97e-b3e463dba8c8,Tertiary,Tertiary,Nurse,Teacher,391540
adb1be7a-61cb-4527-b2e5-e892cc1c7204,Primary,Tertiary,Farmer,Trader,384149
a32e3ab5-8802-474a-aaef-2ec218ecde2b,Secondary,Primary,Trader,Doctor,57195
55c06c8e-45c8-4f41-9bbd-3290a6edcadd,Tertiary,Primary,Doctor,Teacher,469545
c5ed3982-760b-4673-a422-a73e958c9cfd,None,Primary,Teacher,Trader,346104
56604762-851b-4860-b1e6-a645c53f4f7e,Tertiary,Primary,Teacher,Unemployed,163406
d4e99a65-022b-4e76-ac3c-be3402b53d3d,Secondary,Tertiary,Civil Servant,Engineer,110460
382bab11-59fc-4aeb-b229-44a9af7ce609,Tertiary,None,Civil Servant,Teacher,126393
f041e4f7-0e8f-400b-9789-76de9e90d107,Secondary,Secondary,Farmer,Doctor,440550
b54468e4-1f2d-4344-a359-666799714b2b,Primary,Secondary,Unemployed,Nurse,117799
e65fa9fa-c38c-4eaf-a809-7a77603ecfef,Primary,None,Trader,Doctor,50097
40da9c7d-2f2b-4c13-b216-5b5a1c6057fe,Secondary,Secondary,Farmer,Farmer,436880
46c112a5-fec8-4839-ac35-c3de7414e3e1,Tertiary,Tertiary,Doctor,Civil Servant,234321
29769b0f-41e0-4faf-92ca-9cedc5268f0f,Secondary,Primary,Doctor,Engineer,212330
0f6000f3-fef7-4410-9528-dc45637aa999,Secondary,None,Unemployed,Teacher,404251
edb7d4e4-fabb-4609-bde1-7a8511c4194a,None,Secondary,Civil Servant,Doctor,43567
c4ca00d7-8a66-4e67-a4d4-d5a31bc2197e,None,Primary,Teacher,Doctor,106010
1a71064d-424d-4430-b724-79b7710b7fa9,Primary,None,Nurse,Civil Servant,118554
e581d601-04cd-44e8-b225-539dc6f903cf,Tertiary,Primary,Farmer,Doctor,284471
e79503fb-546f-4ba3-b336-d14326cfbf51,None,None,Trader,Nurse,401709
6fa179a5-7a67-4870-bd9d-2b3bc55fa445,Primary,Tertiary,Farmer,Teacher,155296
00d8c046-39d1-4950-8a45-e02e11f20d9b,Tertiary,Secondary,Civil Servant,Unemployed,340626
ef5eeca5-8909-4003-9136-e5301f0733df,Tertiary,None,Trader,Trader,243355
1735f36b-a5a6-4b3a-b575-7b77ff3c6d4e,Secondary,Primary,Farmer,Trader,252079
c439dfcf-c2ad-4d97-b5aa-ecb0d757ad38,Tertiary,Tertiary,Engineer,Engineer,359496
30e59543-a925-4e85-a258-8ce9f7aeede8,Primary,Primary,Farmer,Teacher,428786
15b98c20-7c8b-4f1e-9bf8-8967b057fcd4,Primary,Secondary,Farmer,Unemployed,317800
b840d136-067e-4b72-b16e-8645092385fe,Tertiary,Tertiary,Teacher,Farmer,105232
88b04b77-7feb-4cf3-8ec7-7371a4b65cfa,Tertiary,None,Unemployed,Nurse,315604
0e5995aa-56db-438a-897b-a1190433fd20,Secondary,Primary,Teacher,Farmer,448260
aad53fb8-a762-459c-8e9e-592936308a60,Tertiary,Primary,Civil Servant,Farmer,384114
94500024-bdb5-4d06-a621-d32d895c167f,Secondary,Primary,Nurse,Engineer,385346
78a1d988-04e1-402a-a761-80c77d283421,Primary,None,Civil Servant,Engineer,129401
2c1882c9-03ad-402e-a16a-ebcfa616dde4,Primary,None,Engineer,Trader,271735
2bb24cbc-9c79-4cdb-b4c8-836118e824e9,Tertiary,Secondary,Civil Servant,Farmer,285622
cc96bf43-9850-4072-bf44-cbca1d3ae131,Secondary,Secondary,Trader,Engineer,391846
fb70fbf3-d5fd-46d7-8fbf-d796565c1e3f,Tertiary,None,Doctor,Trader,108989
2328051e-8bbf-4b30-9372-92e6af206a9d,Primary,Primary,Teacher,Unemployed,292438
55e39295-2c67-40bd-97d4-6f610bab8f53,Tertiary,Primary,Doctor,Doctor,187482
8dac210d-5eb3-4ef5-b240-70ca2b056167,Secondary,Primary,Engineer,Engineer,214801
d8ed0649-ca82-4730-9997-7e2e22249813,Primary,None,Trader,Doctor,257031
01a02047-14aa-4ca3-bca9-e68fe12f3b21,Primary,Primary,Unemployed,Trader,98064
6a8d8a70-48a2-4172-a30c-dee297feb937,Secondary,Primary,Unemployed,Civil Servant,232248
a3cb9e18-24a1-47fd-b4c6-ea9b207c0594,Primary,Primary,Nurse,Farmer,244561
09a18b34-b111-44e7-9c4c-37b32caf3d2f,None,Secondary,Farmer,Unemployed,374642
c8575c8a-d394-4dc7-a08f-a1c616888e84,None,Secondary,Farmer,Farmer,172762
87bb1f6d-fc92-4c73-9e14-fe0431208bde,Tertiary,Tertiary,Civil Servant,Farmer,216312
38227b0d-81ee-40e4-8a2b-466efc9dc0d0,Tertiary,Tertiary,Trader,Trader,242063
cbeed3e3-1cd8-49e2-b197-91670d95ee72,None,Primary,Teacher,Doctor,485130
ab8e77a1-28e6-4130-ad23-8ed17f5d21f2,Primary,None,Engineer,Trader,316836
5594552b-405a-4e7e-af46-a41f35a7ac9b,Primary,Secondary,Engineer,Teacher,39417
ecc3b699-0d6d-4b42-bd8b-f6031abb574e,None,Tertiary,Civil Servant,Trader,130014
e523e8a9-1223-4906-9db6-710183d0bae7,Tertiary,Tertiary,Farmer,Farmer,409937
ad463549-bf41-43cb-b2e1-5f176b47ed61,Tertiary,Secondary,Civil Servant,Trader,319701
bcdd0b48-3cb3-49fa-991a-bb3d3a4fece7,None,Secondary,Trader,Nurse,247111
7c0224e5-95c8-4b2d-b892-d14512d2d7e6,Secondary,Primary,Doctor,Unemployed,37976
6328143e-2d95-43ed-b47a-48299c03d65c,Tertiary,None,Doctor,Farmer,48078
33c417d5-450a-436d-b9be-07f35bcc90fc,None,Primary,Engineer,Civil Servant,28912
da05d2fc-1c71-4821-a2f1-c32b47d5ac92,Secondary,None,Civil Servant,Doctor,344218
9a87e357-4b8f-4475-a2eb-b2d2384852b6,Primary,Secondary,Unemployed,Nurse,458998
f85ad287-93ff-445f-ab80-e44ae7d3f770,Tertiary,Secondary,Farmer,Farmer,57238
fee3dbaa-dcb9-43b4-bd3d-16ca8592a38f,Secondary,Secondary,Doctor,Teacher,253498
bc7637a0-6d98-4416-bae2-719803b68657,Tertiary,Tertiary,Engineer,Engineer,31602
977e5877-ed6f-4ee3-a44e-7cd138efa3bc,Secondary,Secondary,Teacher,Unemployed,195580
0a414919-0b52-46f3-baed-57776af31899,Tertiary,Secondary,Nurse,Doctor,115457
cc4ae02c-cf49-44e0-bab1-653364f22a7c,Tertiary,Secondary,Engineer,Teacher,119886
032e2730-c0c9-43ed-8ef9-006015457c64,Tertiary,Primary,Doctor,Farmer,418755
a5cbbf6f-3d33-4164-8bb8-ebe25bc07988,None,Tertiary,Teacher,Civil Servant,299075
063ff61e-956a-4fdf-bf4e-2e46920479ce,Primary,Tertiary,Nurse,Doctor,89295
ca342e3c-2f58-4a81-a7c5-b29bb400a5e1,Tertiary,None,Farmer,Unemployed,153301
12194d94-a097-4ff4-9c42-098000595e29,Secondary,Primary,Doctor,Unemployed,150396
4510eaad-c0bd-44c0-ad07-ee0b4bed523c,None,Tertiary,Farmer,Trader,349556
14b9bb4d-af46-47b3-89a6-2c3735078c5d,Secondary,None,Unemployed,Doctor,401735
acb60e81-e8f6-4796-b200-a32c83c5c510,None,Primary,Trader,Doctor,308832
5d96120d-0a76-4d91-9e7f-87a777215daa,Tertiary,None,Doctor,Doctor,116946
34680b6e-c609-4b78-b597-1e438f8dd995,Tertiary,None,Doctor,Unemployed,323999
f06bffa4-bcc4-4087-ba7e-8c31a6276167,Tertiary,Primary,Unemployed,Civil Servant,220999
39b6410e-c2c9-4b28-beb9-6a4ac0cffa73,Tertiary,Primary,Trader,Civil Servant,186662
1038f676-0df1-472a-86f2-ff386c451540,None,Tertiary,Doctor,Doctor,373038
b5b71c24-785c-487b-9f69-e2b1d45e087f,Tertiary,Tertiary,Doctor,Teacher,256627
ccc67ffd-5e3e-4e60-9ef6-a99f73b4daf3,Secondary,Secondary,Teacher,Civil Servant,449025
e453c4c2-3037-40b7-90cc-f85fe214d458,Primary,None,Doctor,Teacher,268014
f4e580aa-f550-4c52-89d2-cac02dc69c90,Primary,Primary,Engineer,Doctor,452458
dfff8cea-2687-4a98-bf0f-666225e050f6,Primary,Primary,Farmer,Teacher,126040
8a9b7b20-aeb1-4cd3-b836-0a876aa22571,None,None,Engineer,Unemployed,265222
4aa0d842-057f-4d20-a50a-0a29bcda835f,Primary,None,Nurse,Civil Servant,241218
a50939f1-8505-491d-b28b-ffb9d5bf1edb,Tertiary,Tertiary,Teacher,Doctor,74913
97e642d6-7c74-4895-9388-d128c96d525e,Primary,Primary,Nurse,Doctor,224112
21c7c0f6-9137-47ab-8dd8-5715753ff3e2,None,Secondary,Teacher,Doctor,396765
f8815f18-5f34-4d6c-bbf7-5b573a0e618f,Tertiary,Primary,Trader,Engineer,249476
2a96c526-f4ca-4e70-b4b7-99ec48cd42c0,Tertiary,Secondary,Teacher,Engineer,300781
d6de70c5-2ce4-499d-b924-08c32ea9ef6c,Tertiary,Tertiary,Farmer,Engineer,419255
0a88e6ca-1dee-4b6d-bce7-5d1e2947fd26,None,Secondary,Civil Servant,Farmer,396373
08e1624e-b506-424d-8fff-29f734850fcd,Tertiary,None,Unemployed,Farmer,427232
299fff30-f9b8-4e65-8a34-b26b72cc3fc5,Primary,Primary,Civil Servant,Doctor,187912
2537e0d6-c4bd-4b59-bfd9-c96fee5a8856,Secondary,None,Civil Servant,Engineer,54356
f9c0fd4d-8bd0-4267-bd0e-01cef85bc2d3,Primary,Secondary,Teacher,Doctor,185176
f1aa9ba0-f838-41c5-8a32-1d2ae55ec749,None,Secondary,Engineer,Unemployed,430268
e82956cf-ba81-4860-90b3-032dccb1063d,None,Secondary,Farmer,Engineer,362203
23b13ebd-0a42-4e3f-a671-d5827a9e8394,Tertiary,Tertiary,Trader,Nurse,427642
722b4439-3869-43c9-9743-b5a89e15ebcc,Tertiary,None,Farmer,Teacher,235294
38de6b6e-86c4-4e42-955b-c34631f55560,Primary,None,Farmer,Civil Servant,227500
72098a7b-d975-4562-89d5-635715661feb,Tertiary,None,Unemployed,Doctor,93827
51589375-7d8f-4350-b1c7-7a4464f8f226,Tertiary,None,Civil Servant,Doctor,326346
25dfc8fa-65c6-4c7b-9c6e-bf5aaab133ba,Secondary,Primary,Doctor,Nurse,36638
59f2674c-584c-40f7-88de-d8be031eef96,Tertiary,Tertiary,Trader,Farmer,292734
71b86ce0-e347-4e25-ba54-98fd3737cc38,Secondary,Primary,Unemployed,Unemployed,426864
f8698e93-ba5e-4066-8e40-924a29ee29f4,Tertiary,Secondary,Teacher,Doctor,237353
160934d1-9912-4090-9651-6ec2d5e4157d,Primary,None,Doctor,Unemployed,49720
10ecf6ae-55dd-4f38-bc94-54ae867a211a,Tertiary,Tertiary,Teacher,Trader,100172
ea16ce6e-a388-4a32-a8d2-699201b1c626,Tertiary,None,Unemployed,Civil Servant,26372
230da680-ea35-4f17-8157-a7619162f6db,Secondary,None,Trader,Unemployed,413896
d3850240-d2a2-4839-8acf-c6ac7d9704fe,Secondary,None,Doctor,Engineer,211181
06defca8-397a-484f-b6a4-c79bbd673458,Tertiary,None,Trader,Teacher,202252
78f8755f-a2f5-468b-9590-f435a3fb6d0b,Secondary,Tertiary,Trader,Doctor,80758
b0167db8-e823-4943-bdec-46052deb57f9,None,Secondary,Teacher,Doctor,99863
1114e0da-f87a-46de-be8c-9aab7e388a19,Tertiary,Primary,Engineer,Teacher,83593
a0c45942-4206-4d80-9e4b-eb126fa22f92,Secondary,None,Doctor,Doctor,78120
93447b2f-bba3-4668-8334-e5245f8a2e3c,Primary,Primary,Unemployed,Trader,94188
e0d96670-7606-4a34-91d6-9f1125693e13,Primary,Tertiary,Unemployed,Nurse,168741
e97fb025-a2e1-4798-ab65-450b5c75352c,Tertiary,Secondary,Nurse,Farmer,28136
838cc137-13aa-49c8-afb2-78fda391ffdb,None,Tertiary,Engineer,Engineer,247622
8b30bb4c-2ac9-4b60-80ac-430a99487f82,None,Secondary,Civil Servant,Civil Servant,230591
af793d4a-457e-45cb-8d13-1338ccc4c0a9,Secondary,Tertiary,Unemployed,Unemployed,51078
034d42fd-24ca-4bcb-92c4-c2865a0461c9,Tertiary,Tertiary,Teacher,Unemployed,150841
e92966be-ebc0-45f5-971e-c230697878c1,Secondary,Secondary,Doctor,Unemployed,152566
e5a5829e-cb8c-4d76-b03c-1503d4e20134,Secondary,Tertiary,Nurse,Unemployed,239970
8d15baef-b669-4d0a-8837-6bbcd89806fd,None,None,Farmer,Engineer,457087
d19fcf31-1dd7-4f1f-938e-f8ccea8104ad,Primary,Primary,Teacher,Teacher,70025
d12972d3-2396-4b83-9cd1-4b22b0e8b2fa,Tertiary,Secondary,Doctor,Unemployed,206340
b5bbabce-2c15-44ad-9790-4515f859396d,Secondary,Tertiary,Nurse,Engineer,400399
2471a957-b1b9-4d9d-9b58-3dd920f36e92,Secondary,None,Doctor,Farmer,40984
b0d9751c-6cc0-467f-941f-746efb29ff36,Secondary,Primary,Teacher,Doctor,226095
0ae263e0-6e66-4c0a-81e0-a4a17bf820f6,Primary,Tertiary,Engineer,Teacher,92039
1e71afa9-7815-47df-8f2c-01b797da64cb,Primary,Primary,Civil Servant,Doctor,346159
c8497436-18b4-45b1-812a-34f402a13629,None,None,Engineer,Nurse,234211
59fe1c45-abac-4bf8-af4d-dc9b3334cd07,Secondary,Primary,Teacher,Teacher,359152
590bd0c6-946a-45a6-b2e4-01af47021755,None,Secondary,Unemployed,Engineer,406861
91faf1c7-8141-4b37-bde8-14ac9ceab67b,Secondary,None,Farmer,Unemployed,78556
31094211-b73f-4e64-b78d-2f8d8761f9da,None,None,Civil Servant,Teacher,136981
19437791-b9b0-4ec4-b93c-8859011bb348,Tertiary,None,Engineer,Teacher,483392
96e1a522-b2b8-4698-9dd0-855c7986f498,Tertiary,None,Civil Servant,Teacher,269986
612e73c7-fb36-4cf4-9ad5-a309d5b1a96a,None,Primary,Unemployed,Unemployed,379660
1fa54251-5074-4c13-bc0f-94cdc2ebbaa2,Tertiary,Secondary,Nurse,Unemployed,361231
8ea035f0-49cc-453f-b469-3ec45c7ae8ef,Secondary,None,Civil Servant,Civil Servant,221521
99b32070-74fa-45ce-889a-c27e628103f0,Primary,Primary,Doctor,Farmer,44831
4a640fc1-6843-45c3-8dcd-6e9b39d2d74a,Tertiary,Secondary,Nurse,Civil Servant,376833
addb8943-f067-4d82-b9c5-f45acd6c78dd,None,Tertiary,Doctor,Nurse,49871
70249792-6578-4d0c-9aec-8b70ac0e7307,Tertiary,Primary,Doctor,Doctor,399017
972ec23e-b1ed-43d3-a68f-503265125d2e,None,Tertiary,Civil Servant,Teacher,358254
f9a732dc-5d1c-4906-9090-dc9d2b3171dc,None,None,Trader,Unemployed,56718
d68e51f0-3b9d-4832-9f6d-5768677f7c73,None,None,Teacher,Engineer,95772
45e18b77-97f9-41d5-94f8-9e6cc416c07c,Tertiary,Primary,Civil Servant,Civil Servant,189936
9a690cad-aaab-4830-b9cf-c04f5b29317a,Secondary,None,Engineer,Nurse,78757
1ba84a91-7462-4144-849b-9e6225ba4f03,None,None,Doctor,Civil Servant,460446
197f9b8d-079b-45e6-a275-b1e2f14152c7,Secondary,Primary,Engineer,Nurse,244593
61f43c2b-2dd9-4719-b8d9-bf3306d903c0,Primary,Tertiary,Nurse,Doctor,21656
1396a289-c29a-488f-98a9-52109f8c2c51,Primary,Secondary,Engineer,Trader,136648
a97ef131-4b26-40a3-b3b1-cca4774d34f5,None,Secondary,Teacher,Engineer,110207
0816d739-c393-4447-b3dc-50bf04860bee,Primary,Secondary,Engineer,Farmer,63510
75ac0819-714b-4c03-a057-97cfda55f825,Tertiary,None,Farmer,Trader,418471
b4c04bdf-e27b-46c4-8d94-5434c7859c05,None,Primary,Teacher,Farmer,207021
1c007554-c396-4bf9-bcc9-d887639ac771,Primary,None,Trader,Unemployed,81839
79d54e9f-7846-4474-927c-5ea78a159e92,Primary,Secondary,Civil Servant,Farmer,425699
f88afc64-974e-4b87-bea4-13e5436d977b,None,Secondary,Nurse,Nurse,50175
0734a403-0fb9-4b5d-920b-28f648d0e602,None,Tertiary,Unemployed,Doctor,417664
06e2e861-957e-4c3c-bdf7-74c8cf3ee4aa,Primary,None,Civil Servant,Civil Servant,278395
5b7c57e8-fdf0-4450-985b-4b176d9b1eb1,Primary,None,Trader,Nurse,95219
97b027ce-4fe5-413b-a5e8-c1983c10316d,None,Primary,Civil Servant,Engineer,390182
050bd848-2b76-4718-966c-93cc1d4dfdb1,Secondary,Primary,Nurse,Unemployed,168295
e6c2cbb7-83c7-4cbe-916b-af876c27316b,Primary,None,Doctor,Farmer,297203
60b36938-5107-4545-bc5b-14bd05b149a0,Tertiary,Primary,Farmer,Farmer,364834
acd4180a-b0dc-45fb-999d-50897d05121c,Tertiary,None,Nurse,Unemployed,373553
9d655c03-2aa8-44da-96ec-0e55aad9e93d,Tertiary,Secondary,Unemployed,Civil Servant,415595
c982a300-f95f-47e6-98ea-e31ba2ac7896,None,None,Civil Servant,Unemployed,422244
ff08c739-4c1d-4e43-8c2b-03e443e1346d,Secondary,Primary,Nurse,Unemployed,193278
d81ca1a0-b7bb-42aa-978a-8c73f53ba020,Primary,Primary,Teacher,Unemployed,133464
79ab3018-87f3-49a4-8d1a-810d910171d2,Tertiary,Secondary,Doctor,Unemployed,352885
cddb3f9e-8130-4e68-8d45-d885d2e08e57,Secondary,Secondary,Farmer,Farmer,40553
9ffda1e7-4052-43a5-a6fd-32156a107fb7,Tertiary,Tertiary,Teacher,Civil Servant,143518
b40d8aef-a0ba-4142-84c3-2fede182701b,Secondary,Primary,Trader,Farmer,268056
be015802-d2eb-4277-b64d-4de0a92a9880,Tertiary,Secondary,Doctor,Engineer,234831
c4e4fe52-da4f-406b-9d4a-c78bcf1643a0,Tertiary,Tertiary,Unemployed,Trader,474899
5d411ac5-335d-4b46-85b3-75aa0f546781,None,Secondary,Engineer,Trader,339683
6f75a3b2-d818-4112-8cde-dddbc3f9c78c,Tertiary,Tertiary,Unemployed,Engineer,313861
69958fd1-d891-4adf-b41c-612aa2491260,Tertiary,Primary,Trader,Nurse,405397
67e6d49a-3c73-413b-99ea-5bbdafd5b90b,None,Secondary,Nurse,Teacher,107518
76d32b96-4f7f-463e-93c5-44a3cc0b200d,Secondary,Secondary,Unemployed,Engineer,424136
22ed1e25-45d0-4382-a8cb-b7ca33b5a667,Primary,Primary,Doctor,Teacher,142865
da3ed15a-a4f0-408a-ad0d-5e1d8cfb137c,None,None,Trader,Trader,61930
157c6813-e581-420f-9c0d-b2660e29ed9a,Primary,Tertiary,Engineer,Farmer,454049
5d0a06d3-e592-4e7c-a831-99c6f480ada5,Primary,Tertiary,Teacher,Trader,483781
23fbc01f-d7be-4b4f-b967-6dc6d6fdd1a5,Secondary,Secondary,Nurse,Civil Servant,64316
d438231d-aa0a-4259-859f-02bb1ee26f39,None,Tertiary,Trader,Engineer,97087
3cf29ade-171a-4b65-a272-d7ca7f176b55,Primary,Tertiary,Civil Servant,Civil Servant,423051
63d3ce8e-bcbb-459a-9596-6725d513da02,None,Tertiary,Civil Servant,Civil Servant,313764
2cd6e8df-1b58-49c9-a4ef-65a737cf65ca,None,Tertiary,Doctor,Trader,211737
7d8823d2-0e51-4083-96e8-3922dce70289,None,Tertiary,Farmer,Teacher,87098
aec7f267-7990-4a27-ac7c-eeb78bb5f242,None,None,Doctor,Nurse,400320
b7363ad9-79a8-426b-9ced-70172518ec09,Tertiary,Secondary,Teacher,Civil Servant,68942
d76ac5a8-08e9-4548-9b16-acb8e7bd1db7,Tertiary,Tertiary,Unemployed,Doctor,83252
3d5b6535-abed-42b6-89ee-f97ceade7b17,Secondary,Secondary,Farmer,Teacher,85039
cfefa2a2-e735-4db2-9ce4-124bb35b9f78,None,Secondary,Unemployed,Trader,316354
e8e7f030-0203-4340-a372-d63571414f58,Primary,None,Nurse,Nurse,465313
d29cf92a-efb2-433c-971a-a5324d07018b,Tertiary,Primary,Farmer,Civil Servant,169677
a1a054a9-7058-4380-aa77-d1d62904a6d6,Secondary,Primary,Unemployed,Doctor,84830
ddcf5003-4627-41ec-88ac-784fca10b499,Primary,Primary,Doctor,Trader,234267
d7567d35-ed2e-4bea-a9b7-d533bca83a82,Tertiary,None,Teacher,Farmer,116406
b2cfba8b-290c-42f8-930b-ef6519b38619,None,Tertiary,Unemployed,Nurse,154658
bcdf8302-8c37-4264-903c-d20abaaeebf8,None,Primary,Doctor,Unemployed,172267
a151ed02-2f09-4f4d-a43f-683aa43101e4,Secondary,Tertiary,Civil Servant,Doctor,248324
5050127e-4e38-4d03-a0d8-0651333822d1,Secondary,Tertiary,Unemployed,Civil Servant,411877
d4a39a51-c481-4a69-b83b-f029b6ac2048,None,Primary,Nurse,Teacher,42219
51c4243b-f07d-4671-8aea-9ae5690a7b80,Primary,Primary,Doctor,Civil Servant,237765
d3a71b83-97d0-4f8f-affd-d43b2c691f04,None,None,Doctor,Doctor,269383
e05b1892-64bc-48cf-ae90-4b5c5e1b015f,Primary,Tertiary,Teacher,Teacher,112541
ec511744-05e1-4e2f-b2b7-4922054edd71,None,None,Farmer,Engineer,310427
32c192f1-7661-4a3b-b960-6ca316c72b1a,Primary,None,Engineer,Farmer,331033
4299b351-99b3-468d-adcc-9c609e35836f,Secondary,None,Engineer,Teacher,422172
b7f5155a-039d-48d0-9e0a-af129136d4ad,Secondary,Tertiary,Engineer,Farmer,171233
1e56d346-7e80-4d05-ac71-b531d3c724e8,Primary,Tertiary,Teacher,Nurse,363288
49b7e037-4425-4ea7-8839-24d7d03bcbfc,None,Tertiary,Nurse,Trader,166527
fec5ea47-372f-4f47-999f-069134e420bf,Secondary,None,Nurse,Engineer,312800
255c82c7-cade-43ec-a895-09082e2cb850,None,Primary,Trader,Civil Servant,260969
5ea0942c-3f91-4419-a846-a9df73733554,Primary,Primary,Engineer,Doctor,47907
52c03f9b-df16-4b70-a219-b7f77808a004,Primary,Secondary,Nurse,Farmer,463105
bc715183-6c5c-4ba7-b55d-2fc1622cc212,Tertiary,Tertiary,Engineer,Farmer,327279
3c1e919b-ee5a-4007-9536-7ab60d574085,Secondary,Primary,Unemployed,Teacher,465224
9925bc9b-cd60-4879-b79b-1079abb8fe95,Tertiary,Primary,Nurse,Unemployed,401390
4d711f28-6185-41ab-9ea1-e6178129aa0c,Secondary,Secondary,Unemployed,Unemployed,349860
949aca46-0a87-4ac2-8f3f-5995e468eb64,Secondary,Primary,Trader,Farmer,414426
21c57a88-77d4-48ea-a0bd-d76556d44952,Tertiary,None,Nurse,Civil Servant,391048
0b4e360a-5032-4fe6-9de9-5c7242a9f7e5,Tertiary,Tertiary,Engineer,Doctor,147320
ed1ddefa-5c4f-455e-bf71-5a2847efa886,Secondary,Tertiary,Farmer,Nurse,494585
4385a3e3-ed3d-4159-82f5-da5fd45ff4db,Secondary,None,Farmer,Nurse,427769
c3803b4a-7dc4-4f12-be9b-d0e1bca37653,Tertiary,Secondary,Engineer,Farmer,229911
0d9ff83d-70a3-4883-8c58-2872a2fba345,None,Tertiary,Unemployed,Farmer,338596
b4b9fb73-29de-4ccc-829e-09bd7862246c,Tertiary,Secondary,Trader,Farmer,161392
5b44e6ed-7107-4f2e-8a71-53507eb27900,None,Tertiary,Farmer,Civil Servant,142315
1fa7cddf-25e6-4919-9deb-cd5cb8427379,Secondary,Tertiary,Farmer,Farmer,45613
823ca34a-bffb-493b-ab15-619ed5bf85f3,Secondary,Tertiary,Doctor,Doctor,294240
f8bc920c-ff7d-49f7-9563-5c97365f982b,Primary,Secondary,Farmer,Civil Servant,101962
c4ac41b5-3f04-4c7b-93ab-7d2ceba0330c,Tertiary,Secondary,Nurse,Civil Servant,229643
97206c66-5fa1-4468-a4e8-4ffc1f3acc68,Secondary,None,Civil Servant,Farmer,401349
d4a8b45a-75d1-4776-94c0-8f6d076451d3,None,Tertiary,Civil Servant,Trader,195817
017c75c5-a873-49fe-981d-c53044f20d97,Primary,Primary,Nurse,Engineer,429153
bb468c13-f28a-430b-932d-a8fe73fe7e1d,Secondary,None,Trader,Civil Servant,264591
52bb530d-486f-4c8f-a4c5-dae5cd32e712,Tertiary,Tertiary,Nurse,Farmer,221315
661b9738-17b1-4c43-a1a2-d6129a2fc701,None,Tertiary,Trader,Unemployed,423911
da33562c-0540-46cc-96d5-0b84661f7117,Tertiary,Primary,Teacher,Teacher,381115
a770c217-f455-4f73-80a7-ad9ca5accd5a,Secondary,Tertiary,Civil Servant,Trader,234336
4f62cc9d-ebf4-44d0-8e6d-29bfbc633d6c,Secondary,Tertiary,Civil Servant,Farmer,145070
833d3df1-5e11-4680-9501-6ada189ac35d,None,None,Unemployed,Nurse,333571
6c4e5a8c-99af-4e64-9024-822544bb10e0,Primary,Secondary,Farmer,Engineer,87819
6d0f74e6-a174-4785-af21-90cb2fb50401,Primary,Secondary,Farmer,Civil Servant,165415
afad328e-a5c9-4f20-b967-26aaad2b2c82,None,Secondary,Engineer,Trader,326094
4a6b836b-157f-408b-8651-4886a5b09024,None,Tertiary,Doctor,Nurse,489701
20b6d43c-fbf3-4106-a60b-13e04ce6929f,Secondary,Secondary,Trader,Teacher,320598
0c37eb80-918b-4e18-8ba4-af256d7fd4e2,Secondary,None,Teacher,Doctor,442703
18302082-69bb-43c4-acc7-21f082ba0fed,Primary,Tertiary,Teacher,Doctor,480406
14eed987-95e7-46e4-813e-84bd5aff4594,Primary,None,Nurse,Unemployed,302915
2ea5312a-c942-46e8-adf7-21e0767f3c15,Secondary,Primary,Farmer,Farmer,400565
965349ee-505e-49d6-8c32-a0a2b4522738,Tertiary,Tertiary,Unemployed,Engineer,420899
f77aefe1-5761-4099-83db-ea42cece36ae,Tertiary,Secondary,Trader,Unemployed,222175
9aa33580-fb70-4dd7-bf3d-5023140642a8,Primary,Primary,Unemployed,Farmer,467331
1ddea07d-651a-4277-817f-319f04961795,Secondary,Secondary,Civil Servant,Civil Servant,200837
f73eeb07-a860-45bf-9e68-666d67b41520,Primary,Tertiary,Trader,Doctor,274065
5c58b8ba-9de2-4d3f-b952-f1e8d029733c,Primary,Tertiary,Nurse,Doctor,388407
2005dd7e-166f-419a-8d7a-e829cdfcef75,Secondary,None,Teacher,Doctor,463449
dbe83664-302f-420e-b874-05cab22f2e91,None,Tertiary,Civil Servant,Teacher,227225
a0456992-d793-40f1-af8f-d55c3de54ee2,Secondary,Tertiary,Farmer,Teacher,275988
7957595f-25ee-4f0f-b6a3-0eb0c50c71f4,Secondary,None,Unemployed,Civil Servant,39771
f6bffaa9-71fc-42e6-b3dd-7820bd20c36a,Secondary,None,Doctor,Engineer,330193
d5767137-d456-429d-91c6-31cf4b7a123e,Secondary,None,Unemployed,Trader,301558
fabfa7ef-6e89-47a8-b68d-4037d8fe3fb8,None,Tertiary,Trader,Doctor,385557
4a703330-ffc0-4136-8de6-e6b3bb27f6bc,Tertiary,Primary,Unemployed,Farmer,285682
adbd2e33-ef6e-4295-9c8a-f485b98050a6,Tertiary,Tertiary,Doctor,Civil Servant,38993
6c087d6c-04de-48f8-873f-3f030f8a579c,Primary,None,Engineer,Engineer,293402
792cad76-e39e-47c2-aac9-8528a5f701fe,Tertiary,Tertiary,Unemployed,Doctor,220570
05539a50-6fac-450d-b290-4e7372c573e9,None,Tertiary,Nurse,Engineer,266214
383e69a4-81f4-4dfd-bb6b-1c0d702805af,Primary,None,Engineer,Doctor,464769
a82e6889-b717-4acf-97ab-ed02da7bf28b,Primary,Tertiary,Trader,Unemployed,433229
d544c79b-6ab7-4840-b5b5-ac7163ef5e69,Tertiary,Tertiary,Farmer,Doctor,257286
d83333c3-f88f-4199-8cbc-bf4b78ea47e2,Primary,None,Teacher,Civil Servant,295122
210c78d9-7b9e-49eb-aac4-363f1610ac0a,Primary,Tertiary,Engineer,Nurse,147574
fe678797-f16c-484e-aa7d-f379cb21aa80,None,Primary,Civil Servant,Unemployed,133009
5b673a25-42c4-4041-a183-10035bd972c7,Tertiary,Secondary,Engineer,Teacher,67410
104c6350-ce8b-46a2-882f-2fb980e3fe4f,Secondary,Secondary,Engineer,Doctor,77915
4200a1aa-7c82-4fbe-b95e-54f08fde042a,Tertiary,Tertiary,Doctor,Unemployed,316012
26b3a03a-e575-43a5-847a-4e2c8e990457,None,Tertiary,Engineer,Trader,494782
ed37c2ce-0ce8-4570-b4d6-f3e61aa90d26,Secondary,None,Engineer,Trader,448271
1b1bba94-f983-4d4b-9c65-f6bdc179c596,None,Primary,Nurse,Teacher,426723
0abe8257-8ffe-48c9-92d8-1eb31a140609,Tertiary,Primary,Unemployed,Nurse,156920
283348ea-5c94-463a-a936-5d1b34943114,Secondary,Primary,Nurse,Teacher,171054
196b58f1-ded8-4c47-bb88-854e7f968d71,Primary,None,Engineer,Doctor,392925
70696977-33af-45be-993d-87221f7bd82f,Primary,None,Doctor,Doctor,314741
5760c094-7942-400a-8f24-2413d5b65438,None,Primary,Unemployed,Unemployed,223904
5c532042-6a3e-4103-813d-8929b717548d,Tertiary,Secondary,Engineer,Civil Servant,489590
3a6a22d9-c986-4893-abf5-fc9887972916,Tertiary,Secondary,Engineer,Unemployed,115886
da36433a-f3ab-4246-b570-d730e5e79add,None,None,Engineer,Teacher,38339
028bffb6-c528-4c36-a545-034c714cd65e,None,Tertiary,Teacher,Teacher,331227
fb60be1c-66d2-4752-9097-0843569b111f,Tertiary,None,Engineer,Civil Servant,161211
a437199c-ec2a-422b-a901-4e33097ef98d,Primary,Secondary,Civil Servant,Teacher,141128
a90d75ad-cc8f-46ce-b69f-627cfae45d7c,None,Primary,Doctor,Farmer,158120
8db969af-b366-4fd1-ae4d-8a19e2c2aa24,Tertiary,Tertiary,Unemployed,Unemployed,469301
479fb5f3-d3b6-4150-8205-e16a581ab26c,Tertiary,Tertiary,Trader,Engineer,436331
3483a23b-a4d5-46e1-b239-720167687c42,None,Secondary,Farmer,Trader,300166
e33ea976-5862-4813-b28d-750671305648,None,None,Trader,Nurse,191507
0976e09f-1593-4f42-8d31-29b3e1878e93,Tertiary,Secondary,Nurse,Engineer,251489
fdeebaa1-853d-4090-a041-e7ede13f8740,Secondary,None,Doctor,Doctor,44932
c1cdc9a4-5738-4277-8576-44724fefc63f,Primary,Tertiary,Civil Servant,Engineer,305388
3dc8719c-4239-450b-97ae-50f08a39068b,Secondary,Primary,Nurse,Unemployed,202972
0f589a93-bb63-421d-9c45-eba38159ace5,Tertiary,Tertiary,Teacher,Trader,378687
a6a5790a-c1ad-498a-8c38-38a51fb235c4,Tertiary,Tertiary,Trader,Civil Servant,155019
fba2a5f1-56c7-4990-b401-73c10155aa51,Tertiary,Primary,Trader,Doctor,321603
a0b3da83-f002-4577-a4f3-64d5b6f31d02,Primary,Tertiary,Civil Servant,Engineer,29634
c8e7f2f6-aabb-4cac-88d7-51654c987a1b,Secondary,Tertiary,Doctor,Unemployed,462976
3f64e5ee-bccd-4b8c-8508-df9160aeb372,Secondary,None,Civil Servant,Engineer,229608
1915bb1c-744d-4236-9c7c-0778c74f054f,Primary,None,Unemployed,Farmer,91524
e3755867-6cc5-4071-8feb-ecad179d9ae3,Tertiary,Secondary,Farmer,Trader,49794
9696dc6c-671a-4de5-86b8-afefad443c48,Secondary,Tertiary,Nurse,Doctor,452166
6c65659d-a2ef-4e21-bfb3-25689594eea8,Tertiary,Primary,Trader,Farmer,342174
24f3df14-29b0-4062-92e5-55126abb6c41,Tertiary,Secondary,Civil Servant,Engineer,208579
dcff5f1e-8360-4fb5-b45b-bad3f7d0eea0,Secondary,Tertiary,Teacher,Farmer,259230
f1ae8af9-2826-4561-bf1a-61d70858f527,Secondary,Primary,Unemployed,Civil Servant,270928
1ef11a27-1c3e-4da4-a89b-4fb2da317fd7,Secondary,Tertiary,Farmer,Unemployed,392535
fdb37e45-4e0f-49b9-9f18-7c021e245a97,Tertiary,Secondary,Engineer,Engineer,253068
96f19d54-c8a6-4005-a463-463c249316b4,Secondary,None,Trader,Teacher,347388
d1b22e3c-2ede-4487-b730-58be48924bd6,Secondary,Tertiary,Engineer,Trader,59323
6ae63480-0b70-4f97-9ed4-4617114be8ca,Primary,Primary,Unemployed,Teacher,133657
b8541d6a-d59f-4b69-b9a8-832f60971a15,Secondary,Tertiary,Civil Servant,Trader,406266
732e9280-c2fd-4177-b5ff-e99aa2ef0f53,Secondary,Tertiary,Farmer,Unemployed,110569
aa1cd2d8-9ff0-4466-8cc0-744616dd58af,Primary,Tertiary,Civil Servant,Civil Servant,383510
f544b28c-0bba-472a-8a7e-9cce56c890a5,Tertiary,None,Teacher,Teacher,151930
b50b9ff8-2a65-4ae3-9daf-223316a9e518,None,None,Engineer,Doctor,34173
1fb026cc-a529-4f56-8fa0-9a4c4f10aae3,None,None,Teacher,Civil Servant,122408
0d892ced-c1f3-4143-93ac-ceb88ab5a799,None,Secondary,Nurse,Doctor,30127
1ecae0c0-04c7-4b2a-a598-e5c280acefb5,None,Secondary,Civil Servant,Teacher,343586
3ecb1bd6-34af-42e1-8968-e8ee4663f1a1,Primary,None,Trader,Nurse,214325
9b5ad674-8896-44b2-8e92-605915ab7cd2,None,Secondary,Teacher,Doctor,406783
6fe05fa2-5707-4494-85f4-949bef10b6cc,Primary,Primary,Civil Servant,Nurse,474175
1d59598c-174d-4b87-81d6-676a61cb78c3,Secondary,Tertiary,Farmer,Nurse,447681
16f1e5cb-c4af-4dc9-816c-05622ec36411,Tertiary,Secondary,Doctor,Civil Servant,340953
5346405c-f60c-4dd3-9d4e-42f20f14f86c,Secondary,None,Doctor,Engineer,29739
69aec17b-2478-4b7d-91ee-3cc819474d1a,None,None,Farmer,Trader,467321
33daefc1-0d47-426d-9ef7-a52ee645bb00,Primary,None,Engineer,Teacher,45178
62928cdc-8121-4051-809c-a132823500f9,Primary,Primary,Nurse,Farmer,440078
7bf2aa06-10c1-4e9c-a836-29ce8d9957fa,Secondary,Secondary,Nurse,Civil Servant,403466
f6a646ee-8dd7-4052-84e7-a70204c47757,Secondary,Tertiary,Unemployed,Nurse,58884
4dfb1b6e-2025-4194-8903-cc1da6cc0a57,Primary,None,Nurse,Farmer,120208
f7c90c89-c86a-4d73-b415-c076801c5617,Secondary,None,Doctor,Unemployed,292196
6c7b0a77-f3de-4bc2-899b-ef4b3ec2e72a,Tertiary,Secondary,Unemployed,Trader,340358
d451b59f-f60b-4881-b6f3-6fc7d0096b2a,None,None,Civil Servant,Nurse,23549
7b708f15-ebfb-497a-aefa-4d760f67a174,Tertiary,Primary,Civil Servant,Engineer,207600
a1d8507b-d7aa-4f83-99f6-864dffce50b3,None,Secondary,Trader,Farmer,208059
90261d4c-88ba-435e-bd3b-17eb29529420,Primary,Primary,Unemployed,Engineer,36753
8e7569bc-b99e-4f7b-a3c0-1eb1d49b862d,Primary,Primary,Nurse,Trader,313670
57b6f1aa-f206-4a1c-ae9e-2bbfe2495790,Tertiary,Secondary,Unemployed,Engineer,471239
fba75385-a98a-4cb0-bef5-27fe45e4307a,Primary,None,Nurse,Unemployed,239612
b11cc20e-e9fd-4972-8410-5bd15415c636,Tertiary,Primary,Nurse,Trader,145839
ac367cb9-0273-4e68-a6c5-1969011871cf,Secondary,Secondary,Unemployed,Doctor,432918
89c2fba5-648d-44c0-8330-ec147d2d93e8,Secondary,None,Engineer,Teacher,463649
d50372a8-e47f-4c7e-87ec-2d3289e4ec28,Secondary,Primary,Nurse,Teacher,361519
d3d4ddd3-605a-44f5-9012-6e91f8d78cbc,Secondary,None,Teacher,Unemployed,68703
02288f07-fbda-45ae-b270-9103cfd6b161,Secondary,None,Farmer,Nurse,59372
05106943-be3e-46f7-b8b5-95b90265a223,None,Secondary,Farmer,Doctor,390328
9d0a94df-d0f7-47b0-9708-0bbd3106e8ce,Secondary,None,Nurse,Civil Servant,379380
5ced83b3-f7a0-4e7a-be6a-3ea7fae91634,None,None,Civil Servant,Unemployed,215828
3232be72-01d3-4033-b586-ae6f9b24955c,Primary,Primary,Doctor,Farmer,255348
8d41cb4c-2ba4-4308-be77-86aa80155756,None,Tertiary,Unemployed,Farmer,109521
10bb794e-2cef-4557-90ad-07c69a5c68ad,Secondary,Primary,Civil Servant,Civil Servant,344186
3a5bece9-db00-4b4c-91e5-2e86eefe02c3,Tertiary,Primary,Civil Servant,Unemployed,339470
fdf0861e-05eb-474d-ad90-0360d900b745,Tertiary,None,Teacher,Unemployed,235899
743480a1-e212-47e1-8f63-c2bbae411155,None,None,Doctor,Unemployed,265552
f0528803-da96-4e7d-8d46-e159a6685e80,Secondary,None,Unemployed,Farmer,429206
77723a5a-84ae-4fbe-ae1f-d9571f28e417,Tertiary,Secondary,Engineer,Teacher,458034
6b893000-eb1b-447f-8726-9e7f0c05e009,Secondary,None,Doctor,Trader,398479
9262c536-e14e-41f7-94f1-6d9255af47da,None,Primary,Trader,Civil Servant,114836
130e8618-f530-498d-ac7f-7befb08647e1,Primary,Tertiary,Engineer,Engineer,398476
18c30aa9-a013-4044-a041-301d10168d65,None,Tertiary,Farmer,Civil Servant,259273
5594d9c6-ef60-450e-a055-01d3cc16ab4e,Tertiary,None,Trader,Teacher,472105
0def4fd0-d51f-4e3f-973e-cc3af574175b,Secondary,Tertiary,Engineer,Teacher,338618
9e9be9e2-9997-496b-8697-847612aa48cf,None,Secondary,Unemployed,Engineer,101067
0f892df6-f97a-422c-95e5-9a0f1ff49f0a,Secondary,Primary,Unemployed,Teacher,139308
20a62f9b-c85b-411b-90a5-b073b1804803,Tertiary,None,Nurse,Teacher,399083
10d7a164-6e8d-4018-a04d-ac849c595e03,Secondary,Tertiary,Farmer,Doctor,58858
188854db-66d4-4394-a1a7-1114d994f7ba,Primary,Tertiary,Trader,Trader,466328
02b71c51-9fbe-4fb3-a8e3-ac9bc997f2fa,Primary,Tertiary,Engineer,Teacher,378260
56f11afb-19ed-49a5-9e85-e4d49ec620e0,Secondary,Tertiary,Teacher,Doctor,126208
314674a6-967a-4fbb-9404-801d84681060,Secondary,Tertiary,Civil Servant,Farmer,447791
3190b8f4-d73d-42ba-8a17-31d097c768d6,None,Tertiary,Unemployed,Civil Servant,228299
b980e521-7b3c-4c10-abc7-1d7f5afaeb32,Tertiary,None,Trader,Unemployed,301773
4fc9663f-20af-4f9e-8f7c-59ad0b483935,Primary,Primary,Unemployed,Nurse,136816
e29de722-956b-412f-8faa-08515b951652,Tertiary,None,Civil Servant,Unemployed,351312
5e6ba460-4a83-4ab5-97c8-50b09a73cd2f,Secondary,Tertiary,Nurse,Civil Servant,291123
81d1d226-3cc5-4af3-8eac-5e90250487e4,Primary,None,Doctor,Doctor,183533
334b92a2-f9fc-4c3f-b206-33885804550b,Secondary,Tertiary,Civil Servant,Engineer,370415
b1dd348c-79c9-4e00-aaf8-e1d530799b56,Secondary,Secondary,Civil Servant,Trader,206547
f68b6ba0-90eb-4a12-9412-ba0fda1d3dab,Primary,None,Engineer,Civil Servant,74867
ca087252-e048-42dc-b44d-24421ad74fd4,None,Tertiary,Unemployed,Doctor,111097
3af33cc5-b176-471f-b918-2c16a3863cd1,Primary,Secondary,Farmer,Civil Servant,285056
54de2c80-d08d-43df-b3dc-d264c4b27b21,Tertiary,None,Doctor,Trader,312045
5ce195be-01b8-414a-bd68-a5d7d37a430a,Primary,Primary,Doctor,Nurse,149153
31c46c9e-70be-4630-8a63-33e3247474b3,Primary,Secondary,Teacher,Teacher,194704
32a4a8a4-32f9-4771-8799-7940f9adde7d,Primary,Tertiary,Unemployed,Unemployed,430215
8df4097b-d8f8-4018-96fe-47692c9de90a,Secondary,Tertiary,Teacher,Nurse,224207
055fd8d1-19e7-4a3d-a920-4a24430493f0,Primary,Tertiary,Unemployed,Teacher,331427
efa52c8a-56a0-4943-9c68-7714e2901d96,None,None,Nurse,Engineer,143358
f0effa1e-2bde-4c78-a931-50445f5258ab,None,None,Nurse,Nurse,139594
10bc94d3-b600-4df4-a0de-06766f082598,Primary,Primary,Civil Servant,Engineer,391327
60d16c16-8855-417d-b112-0678308c523d,None,Tertiary,Farmer,Nurse,424249
0bd372a9-ebc7-4c06-be9a-ce12a2da43a7,Tertiary,Primary,Trader,Unemployed,341637
53e2e047-2608-4b53-8a22-6cfe4b4f8f74,Secondary,Primary,Civil Servant,Nurse,63803
f7e808a2-821d-42cf-99fc-13b8205f9619,None,None,Teacher,Unemployed,293891
a9db47b9-ca7e-4b33-b87d-a6d7c8dfd1f1,Tertiary,Tertiary,Nurse,Teacher,56368
82583678-c04a-4761-a523-68e3e1e669e5,Secondary,Secondary,Nurse,Teacher,307261
b1cb62d0-8685-42d2-9fb6-8406b6658a34,Primary,Secondary,Engineer,Doctor,285229
957fe29f-ca66-4da6-abd2-cb71a35ae369,Tertiary,Secondary,Nurse,Nurse,448143
6559b365-3c00-40f0-9cf8-987873bb84e5,Primary,Tertiary,Doctor,Trader,233565
5fc57ff4-d7a9-48ea-af7c-db39283edeec,Primary,None,Civil Servant,Civil Servant,94635
5a00d0f2-84d1-4f5e-b1cb-19b34b88445a,Primary,Tertiary,Unemployed,Teacher,422648
77b16be3-737e-452f-ad15-0b06561c9af3,Primary,Tertiary,Doctor,Unemployed,118727
2df80502-0653-4e85-a1e3-0fb445e49a9e,Tertiary,None,Civil Servant,Unemployed,152587
d7b4db17-4b65-4517-9519-613ce6c71f15,Tertiary,None,Civil Servant,Farmer,269496
193156f5-3a4d-45fd-ad36-0bb746c3c90c,Secondary,Secondary,Unemployed,Teacher,246675
54492845-acd3-456f-b257-69cd5571276b,Secondary,Tertiary,Teacher,Teacher,484622
b4a4feee-30cd-4149-8643-4f21d86f4bb4,Tertiary,None,Nurse,Civil Servant,479107
e991e6d5-8b0a-4802-bd64-e8d6b757ec69,Secondary,Secondary,Teacher,Civil Servant,452485
67602abd-ff31-4f21-887b-17d958bce5e4,None,Tertiary,Civil Servant,Trader,425152
833cd4f2-a772-4290-b8d5-40ef030b4532,Tertiary,Secondary,Civil Servant,Engineer,304052
7974c90b-35ba-4e93-bfc7-7282b92c8a72,Tertiary,Primary,Farmer,Nurse,282684
761e6287-d07c-4e53-b8f6-703b77ff3c31,Tertiary,None,Nurse,Teacher,374290
b2ac4768-f122-4f43-8527-4f356dc56044,Primary,Tertiary,Doctor,Farmer,302399
93d797e7-2392-4df4-9fec-59ac07b4e684,None,Secondary,Unemployed,Unemployed,363712
d5949c84-a8aa-454e-8f76-770a7ff2e80a,Secondary,None,Civil Servant,Engineer,473555
c7552c99-c349-45ff-a743-2c04c0ac1c00,Secondary,Secondary,Teacher,Teacher,472325
ec11a44d-083e-4925-890d-35aa914cc11c,Primary,Primary,Engineer,Nurse,235224
9a5e63f5-cc94-415c-a13d-26009174f53b,Tertiary,Primary,Farmer,Unemployed,469790
6400bb0e-f2dd-45f6-b446-c0f0619e17ff,None,Secondary,Trader,Civil Servant,343840
7397d1a1-f641-4405-91cb-bc49542ef29e,None,Primary,Engineer,Farmer,149621
0835075f-2d79-4f3e-8d8b-4c60acc54c62,None,None,Farmer,Teacher,435162
f686cfa7-e94d-4d1e-91ca-2a0b32f194d8,None,Tertiary,Teacher,Teacher,175150
0eb54078-7464-46f2-91ea-2c00863ecbe2,Secondary,Primary,Unemployed,Trader,345763
283379b8-641f-49aa-a92e-33b9e8e977f0,Secondary,None,Unemployed,Trader,30919
dd9e7b6d-e751-42a4-b481-38b5639509c4,Secondary,Secondary,Engineer,Nurse,480417
798b2f02-aa2f-49d1-b5ad-09f5d161a381,Primary,Primary,Engineer,Nurse,409500
af516850-b77e-4f7a-80a2-33e333f60730,None,None,Nurse,Unemployed,171905
663463e9-d317-48c9-9060-573a721b7707,Primary,Secondary,Unemployed,Trader,177821
75cff755-7daf-46e7-a115-d52b91b8ff07,Secondary,Secondary,Doctor,Farmer,107187
74d082c5-eb3c-4270-a188-d3d7a573dc30,Primary,Tertiary,Farmer,Engineer,450104
cf5b294d-d2cc-4853-9cef-5ef4641e7f8c,None,Tertiary,Unemployed,Civil Servant,246476
753439c0-6e9c-42ba-bbb5-e0379e23faf9,Secondary,Primary,Teacher,Nurse,429133
f2189128-b2da-41f7-a4bf-c76d1874ed7d,Primary,Secondary,Doctor,Farmer,20534
4ab946a2-89a9-4af3-a0ca-0f8ee1ef2dd3,Primary,Tertiary,Nurse,Civil Servant,197640
7e5533ba-e8a2-4417-b79e-03dde6f8dac3,Primary,Secondary,Engineer,Engineer,481394
1aefff21-c161-406c-9397-b5425e653990,Tertiary,Secondary,Teacher,Trader,311404
818d72af-3516-467d-80b5-50232a32e553,Tertiary,None,Doctor,Engineer,284124
61936947-763f-46ac-bfee-b533acf59149,None,None,Civil Servant,Teacher,192739
1d5bd8b0-4027-4283-82bf-af1c09ab99a3,Secondary,None,Doctor,Nurse,403669
1177fdd5-761b-4e11-bc19-2e6176d8cbc7,None,Primary,Nurse,Farmer,460230
d2077bc4-7885-4b6d-a3e7-cd20700ea842,Primary,Primary,Teacher,Nurse,213644
4b4d1079-2d5f-40d9-99bb-5bf09b639a38,None,Secondary,Teacher,Nurse,373116
ad68fb45-02de-42e6-837a-927babe05b22,None,None,Nurse,Teacher,295595
accfb130-e487-4e77-88d1-6094b6e3b91b,Secondary,Secondary,Doctor,Trader,456158
a4195fe4-85db-49d7-8fbf-3d39a2819fce,Primary,Secondary,Nurse,Civil Servant,233689
0d6b160f-71a9-4c81-8eee-5680b0ba8fe3,Tertiary,None,Farmer,Teacher,359742
5fe8b710-3fec-4325-adc7-2f1233a51ac6,Tertiary,Primary,Doctor,Teacher,382471
564d46aa-03ba-43a0-bd42-269c07275940,Tertiary,None,Engineer,Civil Servant,96365
cc0338d3-18ba-4cc9-a1dd-7fdff5705436,Primary,Tertiary,Teacher,Nurse,375255
1b912adc-8333-44f6-aa6a-01490b44676d,Primary,None,Civil Servant,Farmer,162732
8aad0665-ef30-441d-b505-c5639fea97cc,None,None,Unemployed,Civil Servant,378027
2c727675-52c8-4bfc-9b48-961f1b1b4cd7,Tertiary,Primary,Trader,Unemployed,168012
10e67176-3858-4966-b572-56f63677f5b4,Primary,Primary,Teacher,Trader,420916
37f39aac-e2ad-428b-913c-9f250b3f953a,Tertiary,Secondary,Nurse,Engineer,455097
8943314f-b668-405d-9a10-748cfd8fb938,Secondary,Primary,Farmer,Farmer,476639
9990e4a9-1841-4e07-b583-4c69407f2654,None,Tertiary,Unemployed,Nurse,379562
b197aed1-c57a-43ff-b8ed-08aeecaf8800,None,Tertiary,Engineer,Doctor,109817
d9ff74eb-fa5f-4e72-9166-488bb00832da,Primary,Tertiary,Farmer,Trader,382931
61e3178b-72eb-4e4e-95c4-fab0e97f995d,Primary,Secondary,Nurse,Unemployed,253763
3b8c0f84-0367-4560-bd06-875bb462931f,Secondary,None,Civil Servant,Doctor,457274
c1dadb7d-6db2-494b-bce7-e2983c847821,Tertiary,Secondary,Engineer,Doctor,91975
