Teacher_ID,Name,Gender,Qualification,Subject_Specialization,Years_of_Experience,School_ID
f23e323d-0b9b-4934-a3c8-6d301dde7969,Zachary Wilson,Male,Bachelor,Social Studies,36,6694c343-10ba-48e3-9276-2bdc1d34d08e
22bae10e-899c-4782-a323-6d1a3c1bdacc,Jacob Avery,Female,Diploma,Social Studies,38,cdfc6ee0-e61e-4e90-8267-deb3aab612c9
6b4be411-8a4a-4e2d-b22b-5b98b24cc64f,Molly Mcclure,Male,Diploma,Mathematics,24,6e068097-25e9-4977-8d72-48e2951f58d0
7d45d8ef-d56c-48ea-9959-7b5aa7a8f636,Teresa Ramirez,Female,Master,Social Studies,13,8a476a87-e49d-481d-91d8-7c6455fa1ab8
71818dcf-379e-4c6e-9edb-0d3cb0b63bcf,David Cox,Male,Bachelor,Mathematics,34,6efb63b1-1b04-4863-bd7d-dbedd284476c
8b621d41-5e09-49ee-af88-bdecfb1e143b,Maria Brown,Male,Bachelor,Social Studies,26,3a43b2ba-df0f-46cb-8b9b-c326d20eac17
1f45dbfd-f7dc-47e0-b097-4b2b46a02a9b,Samantha Davis,Male,Bachelor,Science,40,0f02bad0-e706-4ef4-a6aa-9385dd59ba71
98de8ebb-a3b5-4ece-a446-be72364c911a,Amber Cook,Male,Master,Social Studies,25,db52ca58-0500-4bc6-b20d-cb6ef2311f17
90882eaf-c977-4598-a03c-8c25fd235def,Ronald Spencer,Male,Bachelor,Physical Education,32,0f02bad0-e706-4ef4-a6aa-9385dd59ba71
dea45c19-d024-4d72-b748-967f961d33ba,Raymond Kramer,Female,Diploma,Physical Education,32,3c19e71d-1184-45ad-9e11-d2cd0930aef6
dbc080fd-46fb-4bf3-80b9-d4a3989240ac,Dr. Kimberly Lindsey,Female,Diploma,Social Studies,13,fd72b050-96a9-454f-9c33-e1f94c1f55ab
06998731-ddcf-4766-a93b-12cd1c24220e,Hunter Kramer,Male,Bachelor,English,21,12a4def0-c4bb-47a9-9988-68dd9c7c7377
2c9b662e-040a-4aae-92e2-afd996bf10ab,Cameron Fisher,Male,Master,English,39,0f02bad0-e706-4ef4-a6aa-9385dd59ba71
79eb4168-1045-46e5-bee3-eb791d181ee9,Ivan Wheeler,Female,PhD,Social Studies,5,f26b4776-913e-4de2-a0c5-3cb83da9c2a9
f206c269-38b7-4c07-80fb-929673b6a09b,Monica Kerr,Male,Bachelor,Science,9,e27a984d-6548-41d0-bfcd-9eb1a7cad415
75424646-4d37-4539-857d-d3b3a8addf36,Amanda Lutz,Female,Bachelor,Social Studies,22,d9f195d0-1482-4f53-8201-0c62f5f59b22
afa415e5-6d20-4496-a6d0-6371d8e88ebb,Micheal Wallace,Male,Diploma,English,33,06e745f9-88bc-439c-9f4c-3b79fb10987f
9bb96155-5275-4b94-94ae-af5ce63658c9,Cameron Weber,Male,Bachelor,Physical Education,39,c30ff46e-8026-495f-b8cd-a88b436d76e2
533f5a72-b64f-454a-8c61-165495da75c1,Kyle Phillips,Female,Master,English,35,dd6ac7b8-6778-443b-85c5-b37af85e06a1
1963c26d-6e21-4b09-9afd-4015816bcb9f,Ashley Pena,Female,Diploma,Social Studies,39,7872bdeb-2cd9-4cbb-819a-d58cc35b1c8c
b888f6ed-8d24-4e3e-84da-bddbe0b15aba,Jessica Beasley,Male,Bachelor,Mathematics,12,82dc4c8e-36b5-429a-acf5-e81e71316269
74188109-d3d1-4f0f-96c4-38e469efafb1,Nicholas Edwards,Female,PhD,Mathematics,32,3a43b2ba-df0f-46cb-8b9b-c326d20eac17
5fd23109-4140-452c-aa44-825950018b7b,Melissa Wells,Female,Diploma,Social Studies,25,61b1cd22-6280-4c45-9043-5a1098ae4334
17dded81-15da-405c-94ef-00aa175a81ec,Patrick Watson,Male,Master,Science,19,d47d577b-fa5a-41ca-859d-d55d4b943e30
96229348-0f5a-49d3-8e6e-5003214f3f12,Kristina Santiago,Female,Bachelor,Mathematics,31,2702878b-9f0f-4a8d-8537-9ff6d6d7b3b8
aa53c19c-dfa4-4b9f-9a85-6750692ac139,Jenny Moon,Male,Diploma,Physical Education,6,3c19e71d-1184-45ad-9e11-d2cd0930aef6
99b479d4-49a2-44ae-b7e8-f8e50d2b91ef,Brian Romero,Male,PhD,Social Studies,3,a14923c2-f920-464c-8763-fcd01f15c7b6
39681c81-7b70-43b8-a81f-dec3279c658a,Hayley Hawkins,Female,Diploma,Social Studies,4,847fd9b4-e64d-4bcb-b027-53a15f987c71
92f837d4-4750-4f1d-833a-1f6c1d691fba,Jeffrey Hoffman,Female,Master,Mathematics,3,dd6ac7b8-6778-443b-85c5-b37af85e06a1
9d132363-9f29-4a8b-9184-6c39c4767556,Kristin Lynch,Male,PhD,Mathematics,36,5260001e-eecf-47d2-b491-76f46090d697
44777442-b187-43e6-9457-8ad9a867a096,Donald Farmer,Female,Master,Social Studies,32,21df306f-8a0b-4c33-b6d8-393a7c441fe7
01902620-59dc-4bd0-96fe-bfb9ebe9e207,Charles Sandoval,Male,Diploma,Physical Education,22,5260001e-eecf-47d2-b491-76f46090d697
a2178f84-bdb0-45ff-a451-e5a411d059b2,Anna Moreno,Male,PhD,Science,25,688c7015-aab9-4e49-8f2d-479681d2c7de
5744f596-7422-4167-ab7a-2460604e46cb,Eric Nguyen,Male,Master,Mathematics,26,6efb63b1-1b04-4863-bd7d-dbedd284476c
15bfbe97-98a2-4f1c-914d-cfaef10013a7,Brittney Webster,Female,Master,Social Studies,23,bf0d073d-821c-4336-9970-cf60ebff8d15
45a88829-14e2-46e5-ac89-36bc0cbd3c03,Jeff Lawson,Male,Bachelor,Mathematics,32,3a43b2ba-df0f-46cb-8b9b-c326d20eac17
c143f426-372f-471a-85ee-432d6a07f213,Haley Rodriguez,Male,Master,Science,6,95a5bafa-431d-429f-ac1e-86d8bfbf397b
7c93f6cc-97d7-4560-adb1-4670ad9fb00d,Elizabeth Walker,Female,PhD,Mathematics,10,60141de9-f54a-40a2-a874-66d7ad66a1bd
01f7c7ec-0e06-40cd-996d-5c50fc04a168,Tony Saunders,Female,Bachelor,Mathematics,27,c30ff46e-8026-495f-b8cd-a88b436d76e2
53ffd3a2-4a19-4501-8169-b9fcc3a00c6f,Jonathan Jordan,Male,Diploma,Science,2,6efb63b1-1b04-4863-bd7d-dbedd284476c
b423ccde-8857-4117-a155-46672112507c,Justin Barnett,Female,Diploma,Mathematics,32,12a4def0-c4bb-47a9-9988-68dd9c7c7377
dc9c96de-65a6-44c2-9273-8a235aaab32f,Jessica Stevens,Female,Bachelor,English,5,21df306f-8a0b-4c33-b6d8-393a7c441fe7
9364f3d0-5024-4dc6-9cb3-3df313eecdc6,Jared Bowman,Female,Bachelor,English,23,655238a6-43ff-4011-bd1a-85dd506e5a9a
0556daea-67b0-4283-9d7c-00984a1dab32,Carolyn Meza,Male,Master,English,5,dd6ac7b8-6778-443b-85c5-b37af85e06a1
eb7607c9-b08a-4895-94ff-a66675c8e90d,Jeffrey Rodriguez,Male,Master,Mathematics,14,dea4ae17-54fd-4ad3-9716-108ef72169bb
862268d1-6683-4107-96c0-44d06f887f28,Seth Reese,Male,Bachelor,English,24,87fa841a-3e83-491f-a544-0fe06e417d47
2b0abedd-c774-44cb-9543-fc3c38b8f24e,Mark Schmidt,Male,Master,Science,12,6105716b-ab0e-464e-9c3e-b2d591e1aa96
5970a859-c6b6-44ad-a7ea-8d5a31a3ac4d,Tyler Brewer,Male,Diploma,English,17,23e2fcb4-72d8-467d-894a-05e430b187ef
257d5e52-1a51-45ca-bc7c-1d8525cf0041,Christopher Hernandez,Male,Master,English,22,b0cbc61f-3d85-4e89-8217-14298e200724
2d5972c6-134a-4a2f-a7cf-705cc257cf73,Lori Marshall,Female,PhD,Physical Education,21,655238a6-43ff-4011-bd1a-85dd506e5a9a
72eb7474-9458-454e-8287-4f069050f7ef,Sonia Day,Male,Bachelor,Physical Education,38,82dc4c8e-36b5-429a-acf5-e81e71316269
dd3f487e-52bd-4661-9fe0-a8c7fc8d5b93,Emily Gonzales,Male,Diploma,Science,9,6e068097-25e9-4977-8d72-48e2951f58d0
4d85a3d2-a1a2-4485-b134-8c2a780b3657,Leslie Bell,Female,Master,Science,12,688c7015-aab9-4e49-8f2d-479681d2c7de
73b0a091-7634-4169-8f76-e38812fe28bf,Jacob Mitchell,Female,Diploma,Mathematics,9,dd6ac7b8-6778-443b-85c5-b37af85e06a1
daf481a7-fa34-42e8-9d3f-7d7ea508dc95,Kirk Cruz,Male,Diploma,Mathematics,5,23e2fcb4-72d8-467d-894a-05e430b187ef
cab4923b-f448-4385-8de7-ad6c949077c2,Amanda Stout,Female,PhD,Physical Education,27,0a17991e-a576-4411-a0a1-1839e7457704
524f93ff-3030-4633-a6de-d1d8925817b7,Kathryn Rosario,Male,Diploma,English,23,f26b4776-913e-4de2-a0c5-3cb83da9c2a9
e62d2d06-cf9b-4558-9a7f-195b73557b9d,Vickie Miller,Male,Diploma,English,34,61b1cd22-6280-4c45-9043-5a1098ae4334
3f6c21f7-0a05-47f0-ac2c-d22ba56895c6,Wendy Warren,Female,Diploma,Mathematics,27,d47d577b-fa5a-41ca-859d-d55d4b943e30
5f733a3e-5d28-4aa4-a8a3-97799c1c3517,Jasmine Schroeder,Female,Diploma,Science,24,688c7015-aab9-4e49-8f2d-479681d2c7de
ca0ac6ac-0d67-438e-990f-0c5badcc3daf,Felicia Rivera,Female,Bachelor,Science,7,82ec9f2d-fbf6-416f-9b30-80d56fb78271
48bddb3e-62f5-4f2b-adaa-44ca8ed6ad5e,Samuel Brandt,Male,Master,Social Studies,26,655238a6-43ff-4011-bd1a-85dd506e5a9a
555736f8-267e-4dce-9f8f-41979a4a99b2,Matthew Rangel,Female,Diploma,Science,16,6105716b-ab0e-464e-9c3e-b2d591e1aa96
b2cf952d-a7f3-43b3-b7ba-f55e4f6b58c8,Betty Fletcher,Female,Master,English,30,bf0d073d-821c-4336-9970-cf60ebff8d15
606e0e1c-8f15-4449-8f40-c22f15b02530,Erin Anderson,Male,Diploma,Science,19,e2acf72f-9e57-4f7a-a0ee-89aed453dd32
bd20563b-f275-45f3-9436-a7a8b3ecb951,Susan Davis DDS,Female,Diploma,Mathematics,14,82dc4c8e-36b5-429a-acf5-e81e71316269
5cd33369-04aa-41b7-9ca0-c428822c4d32,Trevor Peterson,Male,PhD,Physical Education,39,0f02bad0-e706-4ef4-a6aa-9385dd59ba71
39feb99c-3127-4148-bc7c-404ec422d03e,Mrs. Elizabeth French DDS,Female,Diploma,Mathematics,32,f1b64afe-d31e-4f1a-a9ff-1cae41c8ca8c
e238fe93-bd17-45e8-95ca-69ab8a2e6a93,Mary Walter,Male,Diploma,English,2,21df306f-8a0b-4c33-b6d8-393a7c441fe7
6070b6a1-98e5-4499-a18c-6e1c9e374f7a,Christopher Schwartz,Female,Bachelor,Mathematics,17,f3b1025b-fff9-4585-8d55-7b618a175dfe
2a60c652-e714-4668-8f1d-7d3a9feefdff,Amanda Diaz,Female,Diploma,Mathematics,17,8a476a87-e49d-481d-91d8-7c6455fa1ab8
71b701aa-f836-4571-bcce-c76cb836c448,Nicole Bowers,Female,Master,Physical Education,6,e27a984d-6548-41d0-bfcd-9eb1a7cad415
4f3949a8-3d3a-4582-88b4-f4743be79df4,Rachel Mckee,Male,PhD,English,35,8f15ba58-fce6-4504-87f8-424daae65fc1
f2771f63-ada5-4417-9e2a-d32d31ab0b56,Jessica Hammond,Male,Master,Science,5,2702878b-9f0f-4a8d-8537-9ff6d6d7b3b8
87079ad4-80be-4e35-a1c2-645ac7332304,Christopher Gonzalez,Female,PhD,Physical Education,9,b04d3376-77fc-4703-9fd5-a423706c5c56
400035f0-df7d-4dd7-a36e-16089acb394a,John Watson,Male,Bachelor,Social Studies,35,f3b1025b-fff9-4585-8d55-7b618a175dfe
d88c656d-b61e-4fdb-9a43-5206ef2ddcc4,Belinda Miller,Female,PhD,Social Studies,24,b04d3376-77fc-4703-9fd5-a423706c5c56
e7c225da-7306-4588-85d5-a68d290a3abb,Sandra Davis,Male,Master,Mathematics,8,06e745f9-88bc-439c-9f4c-3b79fb10987f
737d1fb6-d113-46e0-b8d7-7b9ae916da57,Tara Perry,Female,Diploma,Science,36,dea4ae17-54fd-4ad3-9716-108ef72169bb
3c5bf3a7-5fbb-40b1-8083-89c8657e01c9,Brad Walker,Female,PhD,Social Studies,27,7d106c60-8162-4cf1-8394-72e6da587e8a
d6d441cc-195d-42f8-ae4a-9b5d519554e3,Gabriela Thomas,Female,Diploma,Physical Education,21,4e7ed827-455a-4762-b428-a656b3ee4d3b
d46b415d-eada-49a3-8970-ed9a09ce3cfb,Ronald Blake,Male,Diploma,English,10,0a17991e-a576-4411-a0a1-1839e7457704
01582463-9d87-46a0-b2d7-8bdd781799ff,Alicia Lewis,Female,Bachelor,Physical Education,14,aefcfad8-efc8-4849-b3aa-7efe4458a885
ba2c0f19-f0b2-45d1-8c7e-6f422646eaf9,Jenny Parsons,Female,Diploma,Social Studies,1,6694c343-10ba-48e3-9276-2bdc1d34d08e
0c394ec7-1f31-4405-8d18-3eba3cd5fd7f,Mark Dean,Male,Bachelor,Social Studies,1,db52ca58-0500-4bc6-b20d-cb6ef2311f17
e7b7b4c6-d631-4a80-9c61-2ec210142131,Mr. Mark Andrews DDS,Male,Bachelor,Physical Education,1,82ec9f2d-fbf6-416f-9b30-80d56fb78271
9d642932-0066-453d-ade2-99a14a90cd0c,Kenneth Lopez,Female,Master,Science,37,688c7015-aab9-4e49-8f2d-479681d2c7de
f982f4e0-8603-456a-95ea-cbcfab1021ce,Troy Stephens,Male,Bachelor,Social Studies,30,cdfc6ee0-e61e-4e90-8267-deb3aab612c9
8ddce719-81f3-4dd4-bd03-4adac9525185,Shane Williams,Female,Diploma,Science,22,2702878b-9f0f-4a8d-8537-9ff6d6d7b3b8
40ef3935-5f90-4ed6-bb25-664d630aa767,Heather Jones,Female,Master,Social Studies,10,6694c343-10ba-48e3-9276-2bdc1d34d08e
a0d572c8-a837-4e68-bba2-05ca3dba6da8,Kevin Sherman,Female,Master,Science,12,6efb63b1-1b04-4863-bd7d-dbedd284476c
8bc78e81-5a30-4528-8b59-95622227219f,Marvin Greer,Female,Diploma,Social Studies,32,06e745f9-88bc-439c-9f4c-3b79fb10987f
b20507bb-fb16-4757-b6f1-86abaf475b49,Clarence Taylor,Male,Master,Social Studies,14,7872bdeb-2cd9-4cbb-819a-d58cc35b1c8c
752a7d25-f190-4b7e-86b4-69efb74eba93,Dakota Moody,Male,Diploma,Mathematics,15,bf0d073d-821c-4336-9970-cf60ebff8d15
eef16694-50ca-432d-8aba-590ee2c328aa,James Ochoa,Male,Master,English,4,0a17991e-a576-4411-a0a1-1839e7457704
c0d7ac73-095f-4a81-80d9-2bce7930ba20,Donna Atkins,Male,Master,Physical Education,20,a14923c2-f920-464c-8763-fcd01f15c7b6
54f90429-a7de-42cc-9da4-f4a70c3ce284,Robert Kim,Male,PhD,English,27,6105716b-ab0e-464e-9c3e-b2d591e1aa96
e506f670-7092-447d-be49-69ec6667d3bb,Gina Lopez,Male,Diploma,Physical Education,30,4e7ed827-455a-4762-b428-a656b3ee4d3b
ec9f9c54-5e0a-42ab-bf5d-b163b12b6680,Debra Miller,Female,Diploma,Science,22,82ec9f2d-fbf6-416f-9b30-80d56fb78271
9a3a6103-6e3c-4532-9434-8f626cac028c,Catherine Carter MD,Male,Bachelor,Mathematics,11,8a476a87-e49d-481d-91d8-7c6455fa1ab8
4e76833a-4baf-4f5e-a932-009453f28f11,Mitchell Jackson,Male,PhD,Mathematics,9,c30ff46e-8026-495f-b8cd-a88b436d76e2
0ad7c9a2-7277-46ec-99fe-fbbc71a3fad2,Susan Mendez,Female,Master,Physical Education,26,48603b32-b4fb-4eb9-89c1-3de73b4206c5
fae3114b-a3b4-42bd-8649-42966f5842c3,Amy Lambert,Male,Diploma,Science,22,dd6ac7b8-6778-443b-85c5-b37af85e06a1
cd14a03e-8359-4af6-9d01-f55f67fd64c4,Caitlin Johnson,Male,Bachelor,English,21,fd72b050-96a9-454f-9c33-e1f94c1f55ab
c8040fb7-ad97-4b67-9b89-e5cbd942644c,Cameron Young,Female,PhD,English,2,6694c343-10ba-48e3-9276-2bdc1d34d08e
6202bee6-5cb5-469c-9dc7-b3e6a52964ff,Amanda Hernandez,Male,Master,English,6,7d106c60-8162-4cf1-8394-72e6da587e8a
5f3c44dc-5ef7-47b8-b2e6-195f732e2016,Billy Taylor,Female,Master,Science,17,3c19e71d-1184-45ad-9e11-d2cd0930aef6
a6499cdc-507b-4072-a5e5-8f345df06e8c,Tyler Johnson,Female,PhD,Physical Education,25,3a43b2ba-df0f-46cb-8b9b-c326d20eac17
63119aca-848a-4440-bfc1-58582fa0d842,Autumn Hampton,Female,PhD,Science,3,82dc4c8e-36b5-429a-acf5-e81e71316269
ff11c8ba-36ee-4640-b23e-f466b43bd27f,Melissa Lutz,Male,Bachelor,Social Studies,32,d47d577b-fa5a-41ca-859d-d55d4b943e30
da52d2ee-22bf-48f5-9f65-2a87333ee344,Christopher Reeves,Female,Bachelor,Social Studies,32,6105716b-ab0e-464e-9c3e-b2d591e1aa96
ae92ea71-cf7d-4b43-9679-742fff4c96d6,Victoria Contreras,Female,Bachelor,Mathematics,6,3c9ad14c-ee0c-4eb5-acfe-db992790cebd
8acbbe09-8ccc-4cea-909f-d8eeb5a47200,Elijah Moore,Male,Master,Social Studies,14,6efb63b1-1b04-4863-bd7d-dbedd284476c
a3404f08-b341-41b8-ad65-22b4b5a5f8e6,Isaiah Walker,Male,Diploma,Physical Education,26,e27a984d-6548-41d0-bfcd-9eb1a7cad415
238d6f44-cac4-40eb-b373-730efc31a597,Johnny Ward,Male,Master,Social Studies,15,23e2fcb4-72d8-467d-894a-05e430b187ef
cdbcc653-77a7-48b7-9e70-f65f9280c5aa,Mrs. Stacey Jones,Female,PhD,English,28,847fd9b4-e64d-4bcb-b027-53a15f987c71
b807d78a-b788-45d1-bfe5-75f665edcfe3,Jason Ortiz,Female,Master,English,29,2067bdac-88bd-43d1-b540-b30e039f3a25
f8ede0ca-2015-4a72-92e1-53a6932cae01,Benjamin Owens,Female,PhD,English,15,aefcfad8-efc8-4849-b3aa-7efe4458a885
e0c1ff1e-20da-4972-9832-1ee48471b4b0,Kristen Matthews,Male,Bachelor,Science,27,3c9ad14c-ee0c-4eb5-acfe-db992790cebd
6ec01269-2108-4dd9-b75d-1e3cc48d5650,Sheena Guerra,Male,PhD,Mathematics,35,2067bdac-88bd-43d1-b540-b30e039f3a25
2a26f770-4ddb-4b36-a72c-058884a2576c,Timothy Perez,Female,Bachelor,Mathematics,25,5260001e-eecf-47d2-b491-76f46090d697
e519dd7e-84d6-4c4f-b0df-1684f28e4122,Blake Gonzalez,Female,Bachelor,Physical Education,23,6e068097-25e9-4977-8d72-48e2951f58d0
200b2903-4642-4c45-8d03-f17af4d375c1,Lisa Davis,Female,Master,Science,5,6694c343-10ba-48e3-9276-2bdc1d34d08e
f10d27c8-9780-4215-ab2b-b8e9a417c093,Carolyn Weber,Female,PhD,Science,24,bf0d073d-821c-4336-9970-cf60ebff8d15
d7b00bdc-566e-4cbe-9aea-622fe6e987ca,Amanda Shields,Female,PhD,Physical Education,11,23e2fcb4-72d8-467d-894a-05e430b187ef
a4364fcd-f2d3-4761-8ba3-627914cb0564,Deborah Clark,Male,PhD,English,38,bf0d073d-821c-4336-9970-cf60ebff8d15
a394ed54-9e3c-4a88-aaa5-6e6d92779574,Stephen Gardner,Male,Master,Social Studies,10,655238a6-43ff-4011-bd1a-85dd506e5a9a
7ba24588-4d56-4a3d-b4e7-069aa4540937,Robert Sullivan,Male,Master,Science,32,b04d3376-77fc-4703-9fd5-a423706c5c56
0f5675f8-b048-4aa1-92ae-5c22741b77f5,Jason Marshall,Male,Master,Science,15,f1b64afe-d31e-4f1a-a9ff-1cae41c8ca8c
5005680f-24c7-48a5-9b4e-164b5716dc2e,Emma Travis,Female,PhD,Physical Education,38,23e2fcb4-72d8-467d-894a-05e430b187ef
2179e3f0-6612-4ab4-b9b2-1e6e586a346a,Kayla Rodriguez,Female,Bachelor,Physical Education,2,6694c343-10ba-48e3-9276-2bdc1d34d08e
44790612-1f5d-488f-b76a-bf093de28859,Charles Williams,Female,Diploma,Social Studies,20,e2acf72f-9e57-4f7a-a0ee-89aed453dd32
9d896047-dd39-4793-a257-a4a2f204be89,Victor Barrera,Male,Master,Social Studies,31,fd72b050-96a9-454f-9c33-e1f94c1f55ab
93e34c35-ef0a-473d-93d2-d56dd0401587,Cheryl Moore,Female,Bachelor,English,9,dd6ac7b8-6778-443b-85c5-b37af85e06a1
7faeb748-7781-421e-83c5-01cbfef7d9ea,Kathleen Davis,Female,Master,English,19,06e745f9-88bc-439c-9f4c-3b79fb10987f
f778c676-750d-412e-8164-ceec64ab851b,Kevin Williams,Male,Master,Mathematics,21,d47d577b-fa5a-41ca-859d-d55d4b943e30
e1e0fffc-98f6-4d7f-beb1-62f14806f804,Megan Mitchell,Male,PhD,Social Studies,15,3a43b2ba-df0f-46cb-8b9b-c326d20eac17
6e51484d-1b84-4dc3-98e0-49de0217ea0e,Dennis Diaz,Female,Master,English,2,8a476a87-e49d-481d-91d8-7c6455fa1ab8
668c8477-0b95-417c-9dae-1201673ba8bd,Justin Cox,Male,Master,English,2,4e7ed827-455a-4762-b428-a656b3ee4d3b
8116e3fc-62e7-41a6-92d2-fa0649e1cd13,Joshua Bryan,Male,Bachelor,Science,3,e2acf72f-9e57-4f7a-a0ee-89aed453dd32
1e6a6628-9c6d-42d5-ae2e-9af99f8cc29f,Brent Brooks,Male,PhD,Mathematics,4,8a476a87-e49d-481d-91d8-7c6455fa1ab8
f05eeefe-8ece-4128-96ce-4b42fc9e1dcb,Charles Morrison,Female,Master,Science,29,60141de9-f54a-40a2-a874-66d7ad66a1bd
0b990034-0a4e-4552-8005-1b1066c14dca,Micheal Brock,Male,PhD,English,12,5260001e-eecf-47d2-b491-76f46090d697
9b33e3a4-2620-49a9-b4fd-33d184f2fd0f,Brenda Velazquez,Female,Diploma,Social Studies,1,2702878b-9f0f-4a8d-8537-9ff6d6d7b3b8
fd98fe33-6498-4be9-a999-bbef518b2f21,Sarah Wheeler,Female,Diploma,Mathematics,37,21df306f-8a0b-4c33-b6d8-393a7c441fe7
88476c56-827c-4f8c-940a-c5e981df6517,Justin Wells Jr.,Female,Diploma,Science,1,2067bdac-88bd-43d1-b540-b30e039f3a25
fada98f5-1c0f-4bdc-ac7e-937c54cc1e2a,Eric Roach,Male,Master,Mathematics,22,3c9ad14c-ee0c-4eb5-acfe-db992790cebd
06d25913-a117-4719-b023-a0eadf41e335,Deborah Rios,Male,Master,Mathematics,11,0a17991e-a576-4411-a0a1-1839e7457704
93dfd907-9416-44dc-86b2-8deff8d8b7f1,Anthony Castillo,Male,Bachelor,Social Studies,39,847fd9b4-e64d-4bcb-b027-53a15f987c71
9ea7017c-b89f-4039-a107-cc4686341718,Jamie Underwood,Female,Master,Physical Education,39,e27a984d-6548-41d0-bfcd-9eb1a7cad415
f2bd92f2-9293-4705-8815-01473e00980e,Cheryl Alexander,Female,PhD,Social Studies,2,bf0d073d-821c-4336-9970-cf60ebff8d15
b0c4a01c-69b7-40fa-a6c4-32f66b352f85,Jonathan Carr,Male,Diploma,Mathematics,23,688c7015-aab9-4e49-8f2d-479681d2c7de
bc5fd4dd-d92f-4c1e-9f70-fb2a78bb22a5,Michele Stone,Male,Diploma,Science,33,8a476a87-e49d-481d-91d8-7c6455fa1ab8
a987b218-ff84-4aef-9336-723b8f964685,James Frye,Male,Diploma,English,18,4e7ed827-455a-4762-b428-a656b3ee4d3b
57a2be4e-887b-43e5-a980-f80875ac824c,Megan Dillon,Female,Bachelor,English,34,688c7015-aab9-4e49-8f2d-479681d2c7de
b17cfb21-cdbc-4c1c-a4af-e7bdae455cc6,John Bernard,Female,Bachelor,Physical Education,37,48603b32-b4fb-4eb9-89c1-3de73b4206c5
3990e2c9-4c6a-40f4-8ede-c44d476cf68c,Vickie Wise,Female,Bachelor,Social Studies,26,d47d577b-fa5a-41ca-859d-d55d4b943e30
b47a1c5b-b0b3-4015-b510-2852b4746349,John Castro DVM,Male,Diploma,English,32,61b1cd22-6280-4c45-9043-5a1098ae4334
1f33242d-49ac-4087-8601-5028b8beff3d,Kimberly Huang,Male,PhD,Mathematics,17,3c19e71d-1184-45ad-9e11-d2cd0930aef6
f4613f09-585a-4efb-9181-2f7765001423,Brianna Williams,Female,Master,Physical Education,34,8f15ba58-fce6-4504-87f8-424daae65fc1
58ab4778-143b-45e3-b6d1-f6bbf48f709c,Mary Burgess,Female,PhD,Science,8,b04d3376-77fc-4703-9fd5-a423706c5c56
89e03e22-d3f4-449b-b3ba-ba8836c7d6fa,Justin Nelson,Female,Master,Physical Education,35,3c19e71d-1184-45ad-9e11-d2cd0930aef6
963a8617-bdab-47e7-9d9d-028e1bf645f6,Anthony Stein,Female,Master,Science,22,0a17991e-a576-4411-a0a1-1839e7457704
0d700ea4-3b9b-4d45-a350-55e439c59df9,Gary Kennedy,Male,Bachelor,Physical Education,10,8a476a87-e49d-481d-91d8-7c6455fa1ab8
01539221-2331-4a28-8550-eca8ae62990c,Vanessa Moore,Female,PhD,English,21,4e7ed827-455a-4762-b428-a656b3ee4d3b
e0decc3d-e172-4c83-af5e-4376a723fb72,Matthew Avila,Female,Diploma,Science,1,0f02bad0-e706-4ef4-a6aa-9385dd59ba71
a55990e7-4910-4ade-9238-0bf24988e418,Randy Pearson,Male,Diploma,Science,22,e2acf72f-9e57-4f7a-a0ee-89aed453dd32
b91e3d6e-bd1a-4f4b-88ff-bd403b72c86d,Amanda Dorsey,Female,PhD,Physical Education,13,c30ff46e-8026-495f-b8cd-a88b436d76e2
2d007d05-d66d-4627-a1da-ce6a6afa828c,Amanda Huff,Female,PhD,Science,34,d9f195d0-1482-4f53-8201-0c62f5f59b22
efc59738-2fb2-4e66-bed1-7aabc9b7c9bc,Shelia Roberts,Male,Master,Physical Education,8,2067bdac-88bd-43d1-b540-b30e039f3a25
9165f2ed-4c63-4e95-825f-55430997623a,Tanya Rogers,Female,Diploma,English,20,688c7015-aab9-4e49-8f2d-479681d2c7de
8b15bd94-a42d-4cd7-bd35-9f6a74503887,Stacy Anderson,Male,Diploma,English,17,fd72b050-96a9-454f-9c33-e1f94c1f55ab
315c167a-45d8-46ad-b7d0-359e811414f8,Erin Simon,Female,PhD,Science,28,0f02bad0-e706-4ef4-a6aa-9385dd59ba71
2faabe0b-b7f6-4cdf-81dc-1c60a5f60735,George Phillips,Male,Master,Physical Education,25,db52ca58-0500-4bc6-b20d-cb6ef2311f17
2ced3c0d-3173-44b5-81dd-484aaca58d95,Margaret Sullivan,Female,Bachelor,Physical Education,27,bf0d073d-821c-4336-9970-cf60ebff8d15
1634725b-53f3-4073-83e9-6ef46d7df5d0,Brandon Holden,Male,Bachelor,English,34,d9f195d0-1482-4f53-8201-0c62f5f59b22
3f800385-ef92-40b6-92d7-8f107a3a6e96,James Griffin,Male,PhD,Social Studies,2,d47d577b-fa5a-41ca-859d-d55d4b943e30
4d4c5280-5462-42e7-b43b-a0524459bd6e,Laura Green,Male,Master,English,12,f1b64afe-d31e-4f1a-a9ff-1cae41c8ca8c
0fe76149-3c7e-4368-b159-48475c0b9b10,Julie Moore,Female,Bachelor,Physical Education,29,3c9ad14c-ee0c-4eb5-acfe-db992790cebd
e5267a2b-ec50-4ce4-80a5-2e65afa28559,Patricia Vaughn,Female,Bachelor,Science,11,6efb63b1-1b04-4863-bd7d-dbedd284476c
4b87959f-f0cd-4f05-aa87-855ea38295d3,Daniel Bernard,Male,Diploma,Social Studies,18,3a43b2ba-df0f-46cb-8b9b-c326d20eac17
bf6b8cdf-7479-4b61-a737-2b527a6a2107,Jacqueline Miles DVM,Female,PhD,Physical Education,21,f26b4776-913e-4de2-a0c5-3cb83da9c2a9
aa0217d0-cd4f-4b2b-899a-c252c1e1b94a,Pamela Becker,Female,Bachelor,Social Studies,1,f1b64afe-d31e-4f1a-a9ff-1cae41c8ca8c
14f573d0-c991-4032-9f85-c77798874bfe,Kelsey Cox,Female,Master,Social Studies,25,60141de9-f54a-40a2-a874-66d7ad66a1bd
0fcf601f-1cb9-473a-906d-5c8cead08c89,Stephanie Harris,Female,Bachelor,Physical Education,30,8a476a87-e49d-481d-91d8-7c6455fa1ab8
53ff8461-2a1f-4b61-a65c-b9d989628f6e,Jessica Frazier,Male,PhD,English,2,f3b1025b-fff9-4585-8d55-7b618a175dfe
1747f387-7d23-4479-9549-2a82b787ef8d,Jill Brown,Female,Master,Mathematics,6,b04d3376-77fc-4703-9fd5-a423706c5c56
74f0beae-6a59-43ce-8364-35e321c71aa3,Kristin Chambers,Female,PhD,Mathematics,5,8b10550c-d570-4f32-b02c-dd20286218b8
655ce508-0592-4fa5-b928-e23f4ee4334e,Aaron Robinson,Male,Diploma,Mathematics,21,aefcfad8-efc8-4849-b3aa-7efe4458a885
58330b30-6c77-4e95-8b98-1ccd12b2102d,Kimberly Brown,Female,Diploma,Science,18,2702878b-9f0f-4a8d-8537-9ff6d6d7b3b8
ef0bea4f-fc73-4d92-91ab-3d11e4eb8000,Dustin White,Male,Master,Social Studies,20,2067bdac-88bd-43d1-b540-b30e039f3a25
fa740cc8-a43a-4b7a-840d-487422ab7752,Tracey Brooks,Male,Master,Science,9,b0cbc61f-3d85-4e89-8217-14298e200724
de9f6f5b-72d3-4458-a1ea-2f30e42e707a,Jamie Miller,Male,Bachelor,Physical Education,25,655238a6-43ff-4011-bd1a-85dd506e5a9a
8a0f9508-dfe2-40a0-a96b-3c42f6d22a7b,Scott Wilson,Female,Bachelor,Mathematics,36,655238a6-43ff-4011-bd1a-85dd506e5a9a
87623997-649f-4d88-8989-c5abfe2b34d8,William Davenport,Female,Master,English,21,87fa841a-3e83-491f-a544-0fe06e417d47
4c61845e-fa7e-4d94-85d1-fb63c194f97f,Nathan Coleman,Female,PhD,Physical Education,30,0f02bad0-e706-4ef4-a6aa-9385dd59ba71
3f5cf2f3-3acb-43a3-92c7-bffb6118433b,Christopher Lopez,Female,Master,Mathematics,38,655238a6-43ff-4011-bd1a-85dd506e5a9a
1ce362f8-c3f7-45fe-b99b-2b5ae00da49d,Matthew Mendez,Male,PhD,Mathematics,13,5260001e-eecf-47d2-b491-76f46090d697
04015ced-e398-46bb-a23d-dfaaefad49e9,Austin Wheeler,Female,Master,Social Studies,34,d9f195d0-1482-4f53-8201-0c62f5f59b22
b40a9181-ac09-4db7-9908-6e477249f62c,Dana Williams,Female,Master,Social Studies,36,61b1cd22-6280-4c45-9043-5a1098ae4334
379ef467-8a2d-42e6-bbfd-a8a6705fddf5,Patty Taylor,Male,PhD,Mathematics,6,847fd9b4-e64d-4bcb-b027-53a15f987c71
d0d75e37-3bf2-425f-8a0d-2b73fe54ee4b,Laura Ray,Female,PhD,Physical Education,29,8f15ba58-fce6-4504-87f8-424daae65fc1
52171bf3-d181-43d1-ac2b-0cfcc5c51060,Shawn Odom,Female,PhD,Mathematics,9,12a4def0-c4bb-47a9-9988-68dd9c7c7377
4ceda164-69df-44e9-b896-41dd8570b59f,Justin Vargas,Male,Master,Science,2,8f15ba58-fce6-4504-87f8-424daae65fc1
a0411612-2cd5-4759-a95d-2761bc36dc59,Kristi Williams,Male,Bachelor,Social Studies,4,87fa841a-3e83-491f-a544-0fe06e417d47
abdd1a8f-a4b0-4c89-b10b-ce9c582b91ee,Joseph Horton,Female,Diploma,Mathematics,39,95a5bafa-431d-429f-ac1e-86d8bfbf397b
605fb1eb-4cc5-4e0d-a633-20186883ac6e,Joshua Allen,Male,PhD,Mathematics,27,61b1cd22-6280-4c45-9043-5a1098ae4334
b523c0de-db87-429c-8cfd-0fc139b02e2a,Joel Brown,Female,PhD,Physical Education,40,f1b64afe-d31e-4f1a-a9ff-1cae41c8ca8c
8eaa5841-6aa0-426d-b7c0-d5f769a53b4f,Jasmine Scott,Female,PhD,Physical Education,30,2702878b-9f0f-4a8d-8537-9ff6d6d7b3b8
ec170298-143d-45b3-a58e-83dd548c1d84,Jacob Nichols,Male,Bachelor,Social Studies,17,8b10550c-d570-4f32-b02c-dd20286218b8
44b9e602-0d31-412e-b0c3-6756d453f867,Larry Williams,Female,Bachelor,English,7,21df306f-8a0b-4c33-b6d8-393a7c441fe7
c2fe8954-cdfd-4531-b02b-783112a1fe7d,Megan Robinson,Male,PhD,Mathematics,12,f3b1025b-fff9-4585-8d55-7b618a175dfe
553d2625-e833-4da5-9e95-d6953579c143,Terry Lewis,Male,PhD,Social Studies,36,0a17991e-a576-4411-a0a1-1839e7457704
1e086f20-bdd1-41b0-b64a-b6ec30a5648e,Nicole Rocha,Female,Diploma,Mathematics,4,fd72b050-96a9-454f-9c33-e1f94c1f55ab
345af934-b42a-4d93-9aba-0f15b2149062,David Morris,Female,PhD,Mathematics,34,847fd9b4-e64d-4bcb-b027-53a15f987c71
889d4b76-775c-40b5-a173-0c4848769153,Elizabeth Ward,Male,PhD,English,7,b0cbc61f-3d85-4e89-8217-14298e200724
193e638d-774c-4afa-bf4d-908ce1fff6c0,Miranda Gill,Male,Master,Physical Education,19,e27a984d-6548-41d0-bfcd-9eb1a7cad415
5ee68495-3400-49c3-aa11-905b51facefa,Angel Shields,Male,Diploma,English,11,48603b32-b4fb-4eb9-89c1-3de73b4206c5
42c21797-0426-4cc9-a55b-30e2bdc2b74b,Lauren Cortez,Male,Master,Science,11,bf0d073d-821c-4336-9970-cf60ebff8d15
54720d2d-3239-4ffb-a704-6f254b91b8cb,Kelly Sanchez,Male,PhD,Mathematics,31,bf0d073d-821c-4336-9970-cf60ebff8d15
af521b94-f186-447a-a794-63208cf6e8b8,Phillip Burns,Female,Bachelor,Science,16,bf0d073d-821c-4336-9970-cf60ebff8d15
7d97ac0f-bd56-49c4-a446-1663b93b17fb,Nicholas Bell,Female,PhD,Science,16,8a476a87-e49d-481d-91d8-7c6455fa1ab8
7d024c6d-8bea-45c1-b866-77aa23d4526b,Steve Mooney,Male,Master,Social Studies,30,db52ca58-0500-4bc6-b20d-cb6ef2311f17
08a8ac7f-8621-48ad-8f09-105cf50d7a37,Angela Meyers,Male,Diploma,Physical Education,1,d9f195d0-1482-4f53-8201-0c62f5f59b22
6992896e-01a2-4ed1-83ab-b5f10c6b7074,Mark Jones,Male,Diploma,Science,10,aefcfad8-efc8-4849-b3aa-7efe4458a885
8177b661-37fe-432c-8257-185126a9e100,Antonio Little,Male,PhD,Physical Education,1,e27a984d-6548-41d0-bfcd-9eb1a7cad415
7bb3447b-e9aa-444b-9dd4-3675ef145064,Alexis Patel,Male,Bachelor,Physical Education,40,0f02bad0-e706-4ef4-a6aa-9385dd59ba71
8787ea21-0448-4a22-8308-aa5e694d7b00,Kimberly Mitchell,Male,Diploma,Mathematics,27,60141de9-f54a-40a2-a874-66d7ad66a1bd
ac8d6c7d-b2a6-4468-902b-124380913ac1,Todd White,Female,Master,Science,24,2067bdac-88bd-43d1-b540-b30e039f3a25
261e2555-863e-4f2a-98a8-06efeb053fc4,Manuel King,Male,Diploma,Mathematics,9,2702878b-9f0f-4a8d-8537-9ff6d6d7b3b8
659b0105-cb80-4288-846f-64dd5abca6e5,Tyler Stevens,Female,Bachelor,Social Studies,28,3c9ad14c-ee0c-4eb5-acfe-db992790cebd
39d1c7ff-b27e-4442-bd7f-e9733e42df5b,Ronald Miller,Female,Diploma,Science,26,3c9ad14c-ee0c-4eb5-acfe-db992790cebd
c27437eb-a65f-4b8a-9bb4-4021fdde64af,Jared Bennett,Female,Diploma,Physical Education,5,3a43b2ba-df0f-46cb-8b9b-c326d20eac17
026b5383-a301-4c03-8e5d-8c6a79db7862,Angela Bruce,Female,PhD,Physical Education,2,dd6ac7b8-6778-443b-85c5-b37af85e06a1
90dbfad6-54ce-46be-88cc-e2c2a518a418,Valerie Jacobson,Female,Master,English,3,a14923c2-f920-464c-8763-fcd01f15c7b6
361f6d90-3ad1-4a33-8ae4-ac11eb4d8f42,Melissa Knight,Female,Diploma,Mathematics,35,61b1cd22-6280-4c45-9043-5a1098ae4334
13087974-ec95-43ac-8beb-7c3445667c48,Diana Daniels,Male,Diploma,Mathematics,27,d47d577b-fa5a-41ca-859d-d55d4b943e30
edc3a1c3-2dea-4d2d-886c-405fa879d8f8,Alexis Clark,Female,Diploma,Mathematics,30,dd6ac7b8-6778-443b-85c5-b37af85e06a1
b674410d-d218-49d6-8093-bfb024e9bcfd,Tanya Evans,Female,Master,Science,22,b0cbc61f-3d85-4e89-8217-14298e200724
d5aba8ae-9112-4bc0-bd8f-95f4905f9096,Megan Fernandez,Female,Master,Physical Education,19,f1b64afe-d31e-4f1a-a9ff-1cae41c8ca8c
23d3cd4c-bd5f-4093-816f-9bcc6243bed7,Melissa Miller,Male,PhD,English,10,bf0d073d-821c-4336-9970-cf60ebff8d15
0dbf0caf-588a-4f87-b96d-40f8bed63da0,David Jones,Female,Diploma,Physical Education,4,8b10550c-d570-4f32-b02c-dd20286218b8
f4719986-9d26-4599-84dd-8df59aec56a8,Tracy Nguyen,Female,Master,Physical Education,21,688c7015-aab9-4e49-8f2d-479681d2c7de
fe1a1ba9-c896-4c5b-85f8-c28da255e1bb,Darren Tran,Female,Bachelor,English,36,60141de9-f54a-40a2-a874-66d7ad66a1bd
ae007b7e-2f8c-43e5-ae8d-9644601bfbcb,Jamie Barton,Male,Diploma,English,25,d47d577b-fa5a-41ca-859d-d55d4b943e30
b68e47fa-3f17-4534-8c4d-58194b9dfd58,Derrick James,Male,PhD,Science,9,21df306f-8a0b-4c33-b6d8-393a7c441fe7
bd5a0c9e-277e-40aa-a247-541dc8ad0899,Isaac Davis,Female,Master,Mathematics,28,b04d3376-77fc-4703-9fd5-a423706c5c56
5c238d8d-71da-45b9-8eea-9db8f165d779,Ashley Miller,Female,Diploma,Mathematics,5,95a5bafa-431d-429f-ac1e-86d8bfbf397b
8e0370cf-8e96-4227-b2e7-6b516e54ac6d,Ashley Davis,Female,Master,Science,10,7d106c60-8162-4cf1-8394-72e6da587e8a
991965ea-98d0-4c2c-97d3-0f328de1596c,Sharon Smith,Male,Master,Mathematics,34,23e2fcb4-72d8-467d-894a-05e430b187ef
15aede0f-c777-407f-a346-d4ef69ef74e3,Kristin Haney,Female,PhD,Physical Education,19,cdfc6ee0-e61e-4e90-8267-deb3aab612c9
2b69c95e-8567-4b58-926b-ffa53e245fbf,Caroline Adams,Female,Bachelor,Social Studies,17,d9f195d0-1482-4f53-8201-0c62f5f59b22
103246b3-255b-4c1c-be3d-5ee444b64ec1,Donald Evans,Female,PhD,Physical Education,10,06e745f9-88bc-439c-9f4c-3b79fb10987f
406f64d6-5c72-4ebd-93b1-1e59c85cd714,Michelle Simpson,Female,Master,Social Studies,23,06e745f9-88bc-439c-9f4c-3b79fb10987f
1b628a9d-7536-4b9f-b20f-72c09dde0188,Adam Foster,Female,PhD,Social Studies,27,847fd9b4-e64d-4bcb-b027-53a15f987c71
cdd7f460-6140-47d3-9ec4-ea48d773f98d,Jessica Jordan,Male,Master,Mathematics,38,dd6ac7b8-6778-443b-85c5-b37af85e06a1
f966d59f-a6aa-49e5-9c08-bf29d2d33488,Elizabeth Morrison,Male,Master,Physical Education,39,2067bdac-88bd-43d1-b540-b30e039f3a25
506e50c7-7aa0-41e9-b36b-00cbb1fead13,James Flores,Male,PhD,Physical Education,11,06e745f9-88bc-439c-9f4c-3b79fb10987f
7db2a7aa-a205-454f-b1e8-c09dbc20b9f2,Rachael Nguyen,Male,Bachelor,Mathematics,8,db52ca58-0500-4bc6-b20d-cb6ef2311f17
64976593-c92e-4c93-9105-c8d647c1c017,Timothy Gonzalez,Female,PhD,Mathematics,29,db52ca58-0500-4bc6-b20d-cb6ef2311f17
ae84b81c-2e0f-45b3-8bae-591eff4cc10f,Alyssa Acosta,Female,Diploma,Science,11,48603b32-b4fb-4eb9-89c1-3de73b4206c5
703e957f-35ab-4466-b557-8b00f166cdcf,Sandra Jones,Male,Master,Mathematics,11,6694c343-10ba-48e3-9276-2bdc1d34d08e
68bd80d7-cb88-4c32-8bb0-2a8bd908a121,Brenda Turner,Female,Master,Social Studies,26,3a43b2ba-df0f-46cb-8b9b-c326d20eac17
b719bb68-2775-4e42-a89e-22f240afbf3f,James Cole,Male,Master,Social Studies,11,6efb63b1-1b04-4863-bd7d-dbedd284476c
669b29b8-950d-41a0-baaf-20019912316a,Tammy Kane,Male,Diploma,Mathematics,38,f3b1025b-fff9-4585-8d55-7b618a175dfe
ca6caf9b-0969-4101-8b2c-550a6b15c11b,Meredith Burnett,Female,Master,Physical Education,30,e27a984d-6548-41d0-bfcd-9eb1a7cad415
15c1604f-ea16-4354-a35f-c9c198049562,David Ortega,Female,Bachelor,English,33,4e7ed827-455a-4762-b428-a656b3ee4d3b
0b570720-9cd8-458b-a5a1-c8252a9528c3,Maria Lucas,Female,Diploma,English,12,6e068097-25e9-4977-8d72-48e2951f58d0
f73936e9-54e3-4579-80af-d193f780ef2f,Ashley Garcia,Female,Master,English,39,0f02bad0-e706-4ef4-a6aa-9385dd59ba71
84cfee39-bf31-429f-82bb-ad8438d5101f,Melissa Walker,Female,Bachelor,Mathematics,31,f3b1025b-fff9-4585-8d55-7b618a175dfe
c5b8386b-768b-4f7e-a421-5e665fc64cd0,Melissa Hernandez,Female,Bachelor,English,31,6e068097-25e9-4977-8d72-48e2951f58d0
1ac3bf31-7b96-42d1-8649-bcf6ff69723d,Thomas Miller,Male,PhD,Science,24,847fd9b4-e64d-4bcb-b027-53a15f987c71
2444d301-baeb-486b-b0d0-270fd4d13d55,Grant Mueller,Male,Bachelor,Science,38,48603b32-b4fb-4eb9-89c1-3de73b4206c5
79e5c9aa-592a-4549-bba1-09d08567c805,Nathan Chavez,Male,Bachelor,Mathematics,26,48603b32-b4fb-4eb9-89c1-3de73b4206c5
cf685878-0b70-4933-8cde-1b6b1132567c,Alison Cooper,Female,Bachelor,Social Studies,36,8a476a87-e49d-481d-91d8-7c6455fa1ab8
2a131c1f-ccd0-45c1-ad59-00dd1bff3142,Natalie Black,Female,Bachelor,Mathematics,16,6e068097-25e9-4977-8d72-48e2951f58d0
8f5242d3-54bb-4cf8-a8fe-a7618d49fe3f,Joel Salinas,Female,PhD,English,15,e2acf72f-9e57-4f7a-a0ee-89aed453dd32
a3f66c61-2fb7-4dab-af38-3b43a137f8e4,Jennifer Mclaughlin,Female,PhD,Physical Education,22,f26b4776-913e-4de2-a0c5-3cb83da9c2a9
979aa051-7317-491a-b283-daa4e212ab7c,Aaron Lewis,Male,PhD,Physical Education,28,6e068097-25e9-4977-8d72-48e2951f58d0
cf08ea54-b429-4924-8098-675047419b48,Laura Lloyd,Female,Diploma,Science,15,688c7015-aab9-4e49-8f2d-479681d2c7de
5373bf4d-5da4-4cb9-afdc-999289718eea,Brian Lambert,Male,Diploma,English,19,06e745f9-88bc-439c-9f4c-3b79fb10987f
a39c9ec6-f746-4c02-8718-54c17d4ed26e,James Long,Male,Bachelor,Social Studies,23,2067bdac-88bd-43d1-b540-b30e039f3a25
d873dad9-5a1b-4f0e-9911-96dc1d3e503a,Christopher Nunez,Female,Master,English,23,60141de9-f54a-40a2-a874-66d7ad66a1bd
9d4edb71-eb2e-480e-8c25-5823ccf4ffb0,Megan Edwards,Female,PhD,Social Studies,19,847fd9b4-e64d-4bcb-b027-53a15f987c71
2edc017e-1df0-4d18-8e2d-62553d131a3d,Charles Price,Female,PhD,Mathematics,29,0f02bad0-e706-4ef4-a6aa-9385dd59ba71
623ad0fc-9326-4d25-a34b-456298af5cca,John Medina,Female,Master,Science,22,4e7ed827-455a-4762-b428-a656b3ee4d3b
fff96acf-ee42-45ee-a52f-c3eceb4e2281,Christopher Roberts,Male,Bachelor,Social Studies,25,6105716b-ab0e-464e-9c3e-b2d591e1aa96
7374ccbf-d78c-47d3-9088-50d32fe5b140,Sharon Crane,Female,Master,Social Studies,33,82dc4c8e-36b5-429a-acf5-e81e71316269
d0b1fde0-31f3-40c0-a2f3-f0687c0f549d,Justin Delgado,Female,Master,English,34,3c19e71d-1184-45ad-9e11-d2cd0930aef6
6a66c184-7de1-4f5d-af48-47f068bd075b,Jill Jackson,Male,Bachelor,Social Studies,21,f3b1025b-fff9-4585-8d55-7b618a175dfe
c2d49b56-cbbe-4980-87e6-7cb090bde900,Andrew Walker,Male,Diploma,Mathematics,37,95a5bafa-431d-429f-ac1e-86d8bfbf397b
751303b9-c7de-46ea-ab0f-be4449e64c22,Patricia Simpson,Male,Diploma,Mathematics,17,8b10550c-d570-4f32-b02c-dd20286218b8
1d3ca5a4-929d-4377-9cfb-655f82c42e48,Joshua Ritter,Female,Master,Mathematics,12,87fa841a-3e83-491f-a544-0fe06e417d47
0aa6fcb9-c1bc-4e59-9296-a12d8ac35ac4,Jessica Robinson,Female,Bachelor,Science,3,e2acf72f-9e57-4f7a-a0ee-89aed453dd32
d47f83b1-bc69-4155-9a37-f6bd6cd6f011,Danielle Golden,Female,Bachelor,Science,8,dd6ac7b8-6778-443b-85c5-b37af85e06a1
593c572b-4347-4bca-b321-a8b20840405a,Angie Grimes,Male,Bachelor,Social Studies,13,e2acf72f-9e57-4f7a-a0ee-89aed453dd32
3ca87f31-cfd7-43b9-868f-cba51e0d02b5,Oscar Norris,Female,Bachelor,Physical Education,12,6e068097-25e9-4977-8d72-48e2951f58d0
a1fd4187-9c3a-4e0b-b5f3-f8aadc6dafff,Luis Glover,Male,Diploma,Social Studies,31,e2acf72f-9e57-4f7a-a0ee-89aed453dd32
0f321333-ce31-4937-b4fa-32b6d0437e4c,Kim Carlson,Female,Master,Social Studies,3,a14923c2-f920-464c-8763-fcd01f15c7b6
b43cde0a-fa9f-410e-92da-f6812b1ac76c,Kenneth Farley,Female,Bachelor,Physical Education,23,cdfc6ee0-e61e-4e90-8267-deb3aab612c9
